Directory	ModuleID	ChipSN	RunNumber	RunType	Date	ConfigNumber	Threshold	Voltage	Triggers	EffRaw	EffSignal	EffCorrected	NoiseFraction	AverageRate	SignalRate	Time	ToTDrop	LowPixels	LowPixelsErr
data/cosmicData/MDBM-21/2013-09-21/cosmic_001296	MDBM-21	2216	1296	Efficiency	2013-09-21	8211	1106	500	100062	0.658472	0.653785	0.645546	0.0179764	111.111	71.3368	15.0093	0	9549.58	119.193
data/cosmicData/MDBM-21/2013-09-21/cosmic_001297	MDBM-21	2216	1297	Efficiency	2013-09-21	8211	1106	800	115327	0.894058	0.841407	0.696968	0.334048	112.529	63.0542	17.081	0	10129.4	108.559
data/cosmicData/MDBM-21/2013-09-21/cosmic_001298	MDBM-21	2216	1298	Efficiency	2013-09-21	8211	1106	999	99246	0.943806	0.882937	0.588863	0.571324	112.9	42.7318	14.6511	0	9849.59	109.832
data/cosmicData/MDBM-21/2013-09-22/cosmic_001299	MDBM-21	2216	1299	Unknown	2013-09-22	8211	1106	0	6464828	0.503115	0.413873	0.342802	0.2883	190.1	55.9948	566.79	0	-41.0653	26.4953
data/cosmicData/MDBM-21/2013-09-22/cosmic_001300	MDBM-21	2216	1300	Unknown	2013-09-22	8212	1204	0	8107	0.864068	0.838535	0.802335	0.112533	113.992	84.8299	1.18531	0	7432.1	135.229
data/cosmicData/MDBM-21/2013-09-22/cosmic_001301	MDBM-21	2216	1301	Efficiency	2013-09-22	8213	1204	1000	104905	0.843144	0.830084	0.811272	0.0590492	113.872	88.9416	15.3543	0	9895.39	107.476
data/cosmicData/MDBM-21/2013-09-22/cosmic_001302	MDBM-21	2216	1302	Efficiency	2013-09-22	8214	1502	1000	99722	0.807946	0.803213	0.796366	0.019626	112.672	88.7237	14.751	0	9974.59	110.399
data/cosmicData/MDBM-21/2013-09-23/cosmic_001307	MDBM-21	2216	1307	Occupancy	2013-09-23	8211	1106	500	670172	0.321674	0.312818	0.304464	0.048039	202.272	60.2348	55.2202	1	237.016	37.1349
data/cosmicData/MDBM-01/2013-08-23/cosmic_001116	MDBM-01	1688	1116	Occupancy	2013-08-23	5653	1105	900	8860	0.491084	0.482167	0.460793	0.068118	149.301	67.0844	0.989053	0	10103.1	144.769
data/cosmicData/MDBM-01/2013-08-23/cosmic_001117	MDBM-01	1688	1117	Occupancy	2013-08-23	5764	1104	700	2738839	0.505113	0.448296	0.361166	0.278092	134.332	43.4737	339.81	1	3844.94	68.1102
data/cosmicData/MDBM-01/2013-08-26/cosmic_001125	MDBM-01	1688	1125	Efficiency	2013-08-26	5769	1104	600	598204	0.739203	0.734408	0.728944	0.0137392	169.898	123.06	58.6827	0	10112.6	105.328
data/cosmicData/MDBM-01/2013-08-26/cosmic_001126	MDBM-01	1688	1126	Efficiency	2013-08-26	5771	1104	800	593919	0.837993	0.797939	0.679933	0.276261	171.677	99.1432	57.6587	0	10056.3	104.355
data/cosmicData/MDBM-01/2013-08-26/cosmic_001127	MDBM-01	1688	1127	Efficiency	2013-08-26	5772	1104	700	722620	0.817684	0.798637	0.766486	0.0797264	171.139	125.781	70.3737	0	9949.43	104.183
data/cosmicData/MDBM-01/2013-08-26/cosmic_001128	MDBM-01	1688	1128	Efficiency	2013-08-26	5774	1204	700	654658	0.813869	0.790834	0.737786	0.125957	169.18	116.941	64.4932	0	10061.8	104.981
data/cosmicData/MDBM-01/2013-08-26/cosmic_001129	MDBM-01	1688	1129	Efficiency	2013-08-26	5776	1494	700	604618	0.737519	0.731526	0.724711	0.0158514	170.507	122.753	59.1	0	10163.4	105.882
data/cosmicData/MDBM-01/2013-08-26/cosmic_001130	MDBM-01	1688	1130	Occupancy	2013-08-26	5772	1104	700	1013966	0.701047	0.585471	0.295882	0.665096	132.189	25.9191	127.843	1	8151.77	95.2103
data/cosmicData/MDBM-01/2013-08-26/cosmic_001131	MDBM-01	1688	1131	Occupancy	2013-08-26	5769	1104	600	3799236	0.53263	0.470422	0.3879	0.296558	140.673	46.5508	450.125	1	2922.06	60.4483
data/cosmicData/MDBM-01/2013-08-26/cosmic_011205	MDBM-01	1688	11205	Unknown	2013-08-26	5769	1104	0	27651	0.783805	0.777766	0.772762	0.0129731	171.303	131.505	2.69027	0	8925.16	118.558
data/cosmicData/MDBM-01/2013-09-05/cosmic_001170	MDBM-01	1688	1170	Occupancy	2013-09-05	6172	1104	600	10054948	0.450381	0.319591	0.193651	0.47435	311.138	52.269	538.612	0	3590.94	65.7419
data/cosmicData/MDBM-02/2013-08-12/cosmic_001070	MDBM-02	1684	1070	Occupancy	2013-08-12	4661	1208	1000	10115490	0.239468	0.231587	0.226074	0.0331194	352.896	79.0194	477.737	0	4082.77	69.4046
data/cosmicData/MDBM-02/2013-08-19/cosmic_001091	MDBM-02	1684	1091	Efficiency	2013-08-19	5054	1085	600	761005	0.66319	0.659884	0.654935	0.00998258	205.309	134.128	61.7772	0	9900.4	104.633
data/cosmicData/MDBM-02/2013-08-19/cosmic_001092	MDBM-02	1684	1092	Efficiency	2013-08-19	5056	1085	800	736475	0.765635	0.762232	0.757135	0.0104798	205.347	154.882	59.7748	0	10131.8	105.314
data/cosmicData/MDBM-02/2013-08-19/cosmic_001093	MDBM-02	1684	1093	Efficiency	2013-08-19	5058	1085	1000	725440	0.798606	0.795192	0.789737	0.0115608	206.234	162.1	58.626	0	9993.98	104.072
data/cosmicData/MDBM-02/2013-08-19/cosmic_001094	MDBM-02	1684	1094	Efficiency	2013-08-19	5060	1208	1000	743850	0.780893	0.777591	0.772307	0.0110268	205.563	158.081	60.31	0	9999.2	104.269
data/cosmicData/MDBM-02/2013-08-19/cosmic_001095	MDBM-02	1684	1095	Efficiency	2013-08-19	5062	1509	1000	790125	0.728511	0.725454	0.720322	0.0103943	205.367	147.436	64.123	0	10187.8	105.579
data/cosmicData/MDBM-02/2013-08-19/cosmic_001096	MDBM-02	1684	1096	Unknown	2013-08-19	5058	1085	0	14262	0.553008	0.548661	0.545051	0.0107348	189.811	103.024	1.2523	0	6712.1	132.541
data/cosmicData/MDBM-02/2013-08-19/cosmic_001097	MDBM-02	1684	1097	Occupancy	2013-08-19	5058	1085	1000	5850716	0.530982	0.527838	0.524465	0.0107168	183.891	96.0244	530.272	1	3940.08	68.3886
data/cosmicData/MDBM-03/2013-08-13/cosmic_001070	MDBM-03	1692	1070	Efficiency	2013-08-13	4857	1091	600	729714	0.445738	0.439609	0.432556	0.0214721	196.277	84.4323	61.963	0	10021.0	105.655
data/cosmicData/MDBM-03/2013-08-13/cosmic_001071	MDBM-03	1692	1071	Efficiency	2013-08-13	4872	1091	800	742447	0.672608	0.666033	0.657177	0.0229325	197.911	128.792	62.5238	0	10016.1	104.676
data/cosmicData/MDBM-03/2013-08-13/cosmic_001072	MDBM-03	1692	1072	Unknown	2013-08-13	4874	1091	0	1	0.0	0.0	0.0	nan	inf	nan	0.0	0	0.0	161.889
data/cosmicData/MDBM-03/2013-08-13/cosmic_001073	MDBM-03	1692	1073	Efficiency	2013-08-13	4874	1091	900	648547	0.759095	0.723016	0.65495	0.174257	197.407	117.857	54.7555	0	9941.78	104.029
data/cosmicData/MDBM-03/2013-08-13/cosmic_001074	MDBM-03	1692	1074	Unknown	2013-08-13	4872	1091	0	13467	0.551496	0.538873	0.526413	0.0438198	183.039	94.3125	1.22624	0	6615.1	132.174
data/cosmicData/MDBM-03/2013-08-13/cosmic_001075	MDBM-03	1692	1075	Occupancy	2013-08-13	4872	1091	800	9986809	0.577511	0.41678	0.243897	0.530331	348.302	68.1796	477.882	0	1597.0	48.3011
data/cosmicData/MDBM-03/2013-08-14/cosmic_001076	MDBM-03	1692	1076	Efficiency	2013-08-14	4877	1202	850	398284	0.773092	0.75169	0.71469	0.0955856	196.719	133.737	33.744	0	9797.56	104.79
data/cosmicData/MDBM-03/2013-08-14/cosmic_001077	MDBM-03	1692	1077	Efficiency	2013-08-14	4877	1202	800	693289	0.778344	0.762911	0.737719	0.0624256	196.923	140.856	58.6768	0	9590.93	102.308
data/cosmicData/MDBM-03/2013-08-14/cosmic_001078	MDBM-03	1692	1078	Efficiency	2013-08-14	4879	1508	800	708206	0.693226	0.684823	0.672319	0.0301611	196.273	130.358	60.138	0	9700.07	103.155
data/cosmicData/MDBM-03/2013-08-17/cosmic_001072	MDBM-03	1692	1072	Unknown	2013-08-17	5035	1202	0	10550	0.0	0.0	0.0	nan	10390.9	0.0	0.0169218	0	0.0	161.889
data/cosmicData/MDBM-03/2013-08-17/cosmic_001073	MDBM-03	1692	1073	Unknown	2013-08-17	5035	1202	0	10175088	0.00988237	0.00423181	-7.34772e-05	1.01714	10449.3	4.4107e+06	16.2294	0	15040.1	160.919
data/cosmicData/MDBM-03/2013-08-17/cosmic_001075	MDBM-03	1692	1075	Unknown	2013-08-17	5035	1202	0	3826	0.548353	0.543649	0.543649	0.0	208.489	113.345	0.305852	0	12863.1	154.006
data/cosmicData/MDBM-03/2013-08-17/cosmic_001076	MDBM-03	1692	1076	Unknown	2013-08-17	5035	1202	0	115155	0.554375	0.548443	0.541401	0.0198556	201.255	108.185	9.53643	0	9986.58	121.012
data/cosmicData/MDBM-03/2013-08-17/cosmic_001081	MDBM-03	1692	1081	Unknown	2013-08-17	5039	1202	0	6970211	0.623869	0.618592	0.608468	0.0246187	199.091	120.124	583.503	1	9047.95	98.9141
data/cosmicData/MDBM-03/2013-08-18/cosmic_001084	MDBM-03	1692	1084	Unknown	2013-08-18	4872	1091	0	102559	0.0736162	0.0718513	0.0687779	0.0708373	1163.71	77.6914	1.46885	1	6752.1	132.691
data/cosmicData/MDBM-03/2013-08-18/cosmic_001085	MDBM-03	1692	1085	Occupancy	2013-08-18	4872	1091	800	1923930	0.585168	0.521625	0.443239	0.228196	181.498	73.0696	176.672	0	1635.6	49.3559
data/cosmicData/MDBM-04/2013-08-08/cosmic_001055	MDBM-04	1686	1055	Efficiency	2013-08-08	3980	1094	600	673232	0.695151	0.63426	0.530265	0.24833	191.426	91.2633	58.6153	0	9739.42	103.928
data/cosmicData/MDBM-04/2013-08-08/cosmic_001056	MDBM-04	1686	1056	Unknown	2013-08-08	4030	1094	0	5	0.0	0.0	0.0	nan	0.679951	0.0	0.122558	0	0.0	161.889
data/cosmicData/MDBM-04/2013-08-08/cosmic_001057	MDBM-04	1686	1057	Efficiency	2013-08-08	4030	1094	650	573410	0.365644	0.339891	0.287084	0.271513	187.254	46.3652	51.0368	0	10417.7	109.576
data/cosmicData/MDBM-04/2013-08-08/cosmic_001058	MDBM-04	1686	1058	Occupancy	2013-08-08	4034	1094	500	10058946	0.390955	0.304399	0.234176	0.331448	375.987	76.516	445.89	0	1472.24	46.9574
data/cosmicData/MDBM-04/2013-08-15/cosmic_001070	MDBM-04	1686	1070	Unknown	2013-08-15	4910	1094	0	121903	0.553112	0.549494	0.545046	0.0124953	189.358	102.751	10.7295	0	8706.58	115.603
data/cosmicData/MDBM-04/2013-08-15/cosmic_001095	MDBM-04	1686	1095	Unknown	2013-08-15	4030	1094	0	9162	0.00229208	0.000982318	0.000351694	0.666667	189.564	0.0620709	0.80553	0	15332.1	161.824
data/cosmicData/MDBM-04/2013-08-15/cosmic_001096	MDBM-04	1686	1096	Unknown	2013-08-15	4913	1208	0	350	0.157143	0.105714	0.0826297	0.243243	0.0854487	0.00683589	68.2672	0	15328.1	161.812
data/cosmicData/MDBM-04/2013-08-15/cosmic_001097	MDBM-04	1686	1097	Efficiency	2013-08-15	4913	1208	600	615754	0.744791	0.679724	0.563593	0.271284	187.653	92.9494	54.6892	0	10077.4	105.541
data/cosmicData/MDBM-04/2013-08-15/cosmic_001098	MDBM-04	1686	1098	Efficiency	2013-08-15	4034	1094	500	689012	0.744475	0.728887	0.705201	0.059909	187.765	128.66	61.1592	0	10297.2	105.934
data/cosmicData/MDBM-04/2013-08-15/cosmic_001099	MDBM-04	1686	1099	Unknown	2013-08-15	4034	1094	0	307723	0.206247	0.127218	0.0676156	0.538648	1183.6	69.4685	4.33313	0	5954.16	105.285
data/cosmicData/MDBM-04/2013-08-15/cosmic_001100	MDBM-04	1686	1100	Occupancy	2013-08-15	4034	1094	500	10020505	0.449252	0.355889	0.277605	0.326016	313.108	75.1031	533.39	0	1434.92	46.5725
data/cosmicData/MDBM-04/2013-08-18/cosmic_001086	MDBM-04	1686	1086	Efficiency	2013-08-18	5044	1208	500	687045	0.564558	0.560719	0.555674	0.0133787	193.253	106.911	59.2527	0	10322.4	106.696
data/cosmicData/MDBM-04/2013-08-18/cosmic_001087	MDBM-04	1686	1087	Efficiency	2013-08-18	5046	1505	500	669034	0.634174	0.617463	0.595779	0.0536669	190.0	111.022	58.6872	0	10582.3	108.573
data/cosmicData/MDBM-04/2013-08-18/cosmic_001088	MDBM-04	1686	1088	Unknown	2013-08-18	5044	1208	0	8712065	0.827075	0.772048	0.655109	0.262307	189.882	108.144	764.692	0	8702.98	97.1391
data/cosmicData/MDBM-07/2013-08-14/cosmic_001079	MDBM-07	2193	1079	Unknown	2013-08-14	4882	1102	0	105632	0.00210164	0.000937216	-5.96199e+35	11.8485	10517.7	4.27648e+08	0.167387	1	14242.1	158.42
data/cosmicData/MDBM-07/2013-08-14/cosmic_001080	MDBM-07	2193	1080	Efficiency	2013-08-14	4882	1102	600	345011	0.517786	0.514172	0.510158	0.0102483	95.7112	48.7077	60.0785	0	10479.9	111.476
data/cosmicData/MDBM-07/2013-08-14/cosmic_001081	MDBM-07	2193	1081	Efficiency	2013-08-14	4885	1102	800	332958	0.603986	0.600307	0.595498	0.0123826	94.7093	56.1506	58.593	0	10773.7	111.189
data/cosmicData/MDBM-07/2013-08-14/cosmic_001082	MDBM-07	2193	1082	Efficiency	2013-08-14	4885	1102	900	335601	0.673106	0.651863	0.622277	0.073846	95.4603	57.6319	58.5935	0	10659.4	109.503
data/cosmicData/MDBM-07/2013-08-14/cosmic_001083	MDBM-07	2193	1083	Efficiency	2013-08-14	4889	1201	900	328932	0.632523	0.628549	0.622631	0.0150617	93.5556	57.9186	58.5983	0	10766.7	111.158
data/cosmicData/MDBM-07/2013-08-14/cosmic_001084	MDBM-07	2193	1084	Efficiency	2013-08-14	4890	1499	900	335007	0.574752	0.570919	0.565599	0.0135835	95.2768	53.6565	58.6023	0	10869.9	113.212
data/cosmicData/MDBM-07/2013-08-14/cosmic_001085	MDBM-07	2193	1085	Unknown	2013-08-14	4886	1102	0	6941	0.347933	0.315084	0.289015	0.1262	136.543	37.5931	0.847228	0	12604.1	153.163
data/cosmicData/MDBM-07/2013-08-14/cosmic_001086	MDBM-07	2193	1086	Occupancy	2013-08-14	4886	1102	900	10034219	0.157222	0.128403	0.106614	0.239782	348.881	34.0557	479.352	0	3793.73	67.4759
data/cosmicData/MDBM-07/2013-08-19/cosmic_001089	MDBM-07	2193	1089	Unknown	2013-08-19	4886	1102	0	12800	0.269609	0.266328	0.262298	0.0272807	166.673	43.1787	1.27995	0	10706.1	146.837
data/cosmicData/MDBM-07/2013-08-19/cosmic_001090	MDBM-07	2193	1090	Occupancy	2013-08-19	4886	1102	900	1691919	0.235316	0.232211	0.228813	0.0232207	159.574	36.1944	176.712	1	4075.4	71.5751
data/cosmicData/MDBM-07/2013-09-04/cosmic_001151	MDBM-07	2193	1151	Efficiency	2013-09-04	6055	1102	900	407685	0.577461	0.572324	0.565888	0.0158789	91.6422	51.6162	74.1443	0	10704.0	108.839
data/cosmicData/MDBM-08/2013-09-11/cosmic_001180	MDBM-08	2198	1180	Unknown	2013-09-11	6734	1511	0	839729	0.0303086	0.0225144	0.0179437	0.264519	2186.24	36.2017	6.40163	0	1834.1	112.645
data/cosmicData/MDBM-08/2013-09-11/cosmic_001181	MDBM-08	2198	1181	Unknown	2013-09-11	6830	1511	0	2569603	0.284609	0.154429	0.0382066	0.774948	690.436	23.9957	62.0285	0	1227.62	65.9318
data/cosmicData/MDBM-08/2013-09-11/cosmic_001182	MDBM-08	2198	1182	Unknown	2013-09-11	6831	1511	0	2237186	0.0923839	0.0704363	0.051812	0.311406	162.73	7.89271	229.132	1	1612.62	68.7895
data/cosmicData/MDBM-08/2013-09-12/cosmic_001190	MDBM-08	2198	1190	Unknown	2013-09-12	6965	1098	0	352434	0.61376	0.608562	0.60146	0.0170367	90.9386	54.3989	64.592	0	10153.4	107.168
data/cosmicData/MDBM-08/2013-09-12/cosmic_001191	MDBM-08	2198	1191	Unknown	2013-09-12	6966	1098	0	330417	0.623497	0.61742	0.608	0.0228523	90.1418	54.3835	61.0922	0	10356.7	109.298
data/cosmicData/MDBM-08/2013-09-12/cosmic_001192	MDBM-08	2198	1192	Unknown	2013-09-12	6967	1098	0	405054	0.642581	0.635365	0.625212	0.0248643	90.8522	56.289	74.3063	0	10129.0	106.165
data/cosmicData/MDBM-08/2013-09-12/cosmic_001193	MDBM-08	2198	1193	Unknown	2013-09-12	6966	1098	0	119221	0.180421	0.135136	0.0992276	0.330892	212.903	19.2507	9.33298	0	15113.2	142.281
data/cosmicData/MDBM-08/2013-09-12/cosmic_001194	MDBM-08	2198	1194	Unknown	2013-09-12	6966	1098	0	1100553	0.260059	0.246512	0.234401	0.0744748	168.293	38.3965	108.992	1	818.554	48.5283
data/cosmicData/MDBM-08/2013-09-13/cosmic_001195	MDBM-08	2198	1195	Efficiency	2013-09-13	6977	1203	800	337354	0.687521	0.680401	0.669856	0.0251856	89.8476	59.5928	62.5788	0	10745.6	110.824
data/cosmicData/MDBM-08/2013-09-13/cosmic_001196	MDBM-08	2198	1196	Efficiency	2013-09-13	6978	1508	800	419880	0.592946	0.589059	0.58352	0.0135	89.9552	52.2736	77.7942	0	10608.0	108.397
data/cosmicData/MDBM-08/2013-09-13/cosmic_001197	MDBM-08	2198	1197	Occupancy	2013-09-13	6978	1508	800	1562997	0.235223	0.200904	0.17265	0.187655	164.489	26.8453	158.369	0	1275.02	49.163
data/cosmicData/MDBM-08/2013-09-13/cosmic_001198	MDBM-08	2198	1198	Occupancy	2013-09-13	6966	1098	700	1059418	0.275441	0.270902	0.265929	0.0298434	166.236	43.6897	106.216	1	716.564	43.589
data/cosmicData/MDBM-08/2013-09-13/cosmic_001199	MDBM-08	2198	1199	Occupancy	2013-09-13	6965	1098	600	5369688	0.116269	0.114589	0.112395	0.0300095	168.856	18.7683	530.008	1	691.984	39.1024
data/cosmicData/MDBM-08/2013-09-15/cosmic_001210	MDBM-08	2198	1210	Unknown	2013-09-15	6965	1098	0	5388425	0.160003	0.148437	0.139614	0.0900138	169.399	22.8817	530.152	1	733.76	40.025
data/cosmicData/MDBM-08/2013-09-17/cosmic_001215	MDBM-08	2198	1215	Occupancy	2013-09-17	6965	1098	600	10124933	0.195381	0.109428	0.0235888	0.811515	888.774	18.3314	189.867	0	1456.78	48.3425
data/cosmicData/MDBM-08/2013-09-22/cosmic_001304	MDBM-08	2198	1304	Occupancy	2013-09-22	8379	1098	500	565463	0.214297	0.209807	0.205566	0.0260709	159.676	32.6276	59.0222	0	2955.59	71.8958
data/cosmicData/MDBM-09/2013-07-30/cosmic_001001	MDBM-09	2187	1001	Unknown	2013-07-30	3392	1504	0	624	0.362179	0.352564	0.348662	0.0136364	124.924	43.4432	0.0832505	0	15086.1	161.062
data/cosmicData/MDBM-09/2013-07-30/cosmic_001002	MDBM-09	2187	1002	Unknown	2013-07-30	3392	1504	0	697	0.464849	0.423242	0.409452	0.040678	111.243	45.1676	0.104426	0	15015.1	160.842
data/cosmicData/MDBM-09/2013-07-30/cosmic_001003	MDBM-09	2187	1003	Unknown	2013-07-30	3392	1504	0	397710	0.588979	0.580425	0.559695	0.0505283	111.612	61.5091	59.3887	0	10213.4	107.448
data/cosmicData/MDBM-09/2013-07-30/cosmic_001004	MDBM-09	2187	1004	Unknown	2013-07-30	3392	1504	0	400591	0.782604	0.751025	0.637012	0.254406	111.24	62.2899	60.019	0	10076.6	106.113
data/cosmicData/MDBM-09/2013-07-30/cosmic_001005	MDBM-09	2187	1005	Unknown	2013-07-30	3392	1504	0	338018	0.0454414	0.0427285	0.0249539	0.609015	110.119	1.83967	51.1597	0	11714.2	129.788
data/cosmicData/MDBM-09/2013-07-30/cosmic_001006	MDBM-09	2187	1006	Unknown	2013-07-30	3392	1504	0	138	0.130435	0.0724638	-0.0144928	1.2	11.8431	3.68592e+08	0.194207	0	24258.9	161.883
data/cosmicData/MDBM-09/2013-07-30/cosmic_001007	MDBM-09	2187	1007	Unknown	2013-07-30	3392	1504	0	86407	0.745634	0.725566	0.665144	0.14164	111.322	69.3309	12.9365	0	9703.58	119.837
data/cosmicData/MDBM-09/2013-07-30/cosmic_001008	MDBM-09	2187	1008	Unknown	2013-07-30	3394	1210	0	65	0.0	0.0	0.0	nan	1.36695	0.0	0.792518	0	0.0	161.889
data/cosmicData/MDBM-09/2013-07-30/cosmic_001009	MDBM-09	2187	1009	Unknown	2013-07-30	3394	1210	0	2	0.0	0.0	0.0	nan	206.234	0.0	0.000161628	0	0.0	161.889
data/cosmicData/MDBM-09/2013-07-30/cosmic_001010	MDBM-09	2187	1010	Unknown	2013-07-30	3394	1210	0	394766	0.761203	0.756385	0.744596	0.0315578	112.282	82.2481	58.5975	0	9893.29	105.352
data/cosmicData/MDBM-09/2013-07-30/cosmic_001011	MDBM-09	2187	1011	Unknown	2013-07-30	3396	1111	0	389628	0.781502	0.776864	0.765105	0.0343918	110.788	83.1069	58.6148	0	10019.9	105.451
data/cosmicData/MDBM-09/2013-07-30/cosmic_001012	MDBM-09	2187	1012	Unknown	2013-07-30	3394	1210	0	388646	0.727359	0.724881	0.719292	0.0147805	109.554	78.2399	59.1255	0	10435.4	107.224
data/cosmicData/MDBM-09/2013-07-30/cosmic_001013	MDBM-09	2187	1013	Unknown	2013-07-30	3394	1210	0	391905	0.738707	0.735964	0.730035	0.0154562	111.445	80.7519	58.6095	0	10005.8	104.738
data/cosmicData/MDBM-09/2013-07-30/cosmic_001014	MDBM-09	2187	1014	Unknown	2013-07-30	3396	1111	0	5297926	0.743866	0.737435	0.720445	0.044285	109.458	77.1435	806.692	0	8745.48	97.4064
data/cosmicData/MDBM-09/2013-08-02/cosmic_001031	MDBM-09	2187	1031	Occupancy	2013-08-02	3396	1111	900	2016463	0.295194	0.287722	0.275129	0.0752351	190.963	50.8106	175.99	0	177.984	31.8591
data/cosmicData/MDBM-10/2013-08-05/cosmic_001032	MDBM-10	2188	1032	Unknown	2013-08-05	3891	1193	0	384772	0.693291	0.690682	0.685526	0.0123949	109.362	74.598	58.639	0	9542.55	105.257
data/cosmicData/MDBM-10/2013-08-05/cosmic_001033	MDBM-10	2188	1033	Unknown	2013-08-05	3891	1193	0	43939	0.000455176	0.000455176	0.000455176	0.0	12.2025	0.00555431	60.0135	0	15327.1	161.809
data/cosmicData/MDBM-10/2013-08-05/cosmic_001034	MDBM-10	2188	1034	Unknown	2013-08-05	3891	1193	0	378030	0.729032	0.726382	0.720421	0.0151096	107.484	76.8948	58.618	0	9599.06	104.58
data/cosmicData/MDBM-10/2013-08-05/cosmic_001035	MDBM-10	2188	1035	Unknown	2013-08-05	3891	1193	0	377085	0.738637	0.734312	0.723564	0.0277033	107.199	76.5371	58.6267	0	9623.06	104.695
data/cosmicData/MDBM-10/2013-08-05/cosmic_001036	MDBM-10	2188	1036	Unknown	2013-08-05	3891	1193	0	4064494	0.701237	0.689165	0.654521	0.0805245	106.719	67.6249	634.763	0	8476.01	96.1197
data/cosmicData/MDBM-10/2013-08-06/cosmic_001037	MDBM-10	2188	1037	Unknown	2013-08-06	3896	1086	0	248581	0.578576	0.576657	0.572428	0.0146708	109.515	62.2261	37.8305	0	9849.92	108.614
data/cosmicData/MDBM-10/2013-08-06/cosmic_001038	MDBM-10	2188	1038	Unknown	2013-08-06	3896	1086	0	382644	0.651559	0.648893	0.642925	0.0138464	108.788	69.6146	58.622	0	9003.02	100.722
data/cosmicData/MDBM-10/2013-08-06/cosmic_001039	MDBM-10	2188	1039	Unknown	2013-08-06	3972	1511	0	164	0.0121951	0.0121951	0.0121951	0.0	0.0907579	0.0011068	30.1167	0	15346.1	161.867
data/cosmicData/MDBM-10/2013-08-06/cosmic_001040	MDBM-10	2188	1040	Unknown	2013-08-06	3972	1511	0	382453	0.548031	0.545076	0.539183	0.0142757	108.742	58.4264	58.618	0	9563.92	107.289
data/cosmicData/MDBM-10/2013-08-06/cosmic_001041	MDBM-10	2188	1041	Unknown	2013-08-06	3972	1511	0	43164	0.040265	0.0400797	0.039665	0.0138728	973.193	38.4642	0.739217	0	13250.1	155.258
data/cosmicData/MDBM-10/2013-08-06/cosmic_001042	MDBM-10	2188	1042	Unknown	2013-08-06	3896	1086	0	978843	0.0736349	0.0729382	0.0715813	0.0267666	194.75	13.8245	83.7692	0	17225.6	142.636
data/cosmicData/MDBM-102/2013-10-03/cosmic_001438	MDBM-102	0	1438	Unknown	2013-10-03	10304	2490	0	65553	0.180205	0.177856	0.175375	0.0154387	192.174	33.6516	5.68523	0	6498.1	131.731
data/cosmicData/MDBM-106/2013-09-11/cosmic_001173	MDBM-106	2198	1173	Unknown	2013-09-11	6708	2007	0	3512337	0.0531931	0.0364182	0.0242609	0.348823	920.848	21.8376	63.5707	0	90.0922	86.325
data/cosmicData/MDBM-106/2013-09-11/cosmic_001174	MDBM-106	2198	1174	Unknown	2013-09-11	6708	2007	0	154214	0.156069	0.0763744	0.012568	0.844371	2041.52	24.2657	1.25898	0	13025.1	154.532
data/cosmicData/MDBM-106/2013-09-11/cosmic_001175	MDBM-106	2198	1175	Unknown	2013-09-11	6708	2007	0	143369	0.199332	0.0982918	0.013697	0.869855	1926.36	24.6423	1.24042	0	12859.1	153.994
data/cosmicData/MDBM-106/2013-09-11/cosmic_001176	MDBM-106	2198	1176	Unknown	2013-09-11	6708	2007	0	36765	0.617	0.487393	0.317194	0.429432	142.188	39.541	4.30945	0	5693.1	128.639
data/cosmicData/MDBM-106/2013-09-11/cosmic_001177	MDBM-106	2198	1177	Unknown	2013-09-11	6708	2007	0	32913	0.529426	0.365357	0.181293	0.574802	180.992	28.1169	3.0308	0	8220.1	138.112
data/cosmicData/MDBM-106/2013-09-11/cosmic_001178	MDBM-106	2198	1178	Unknown	2013-09-11	6708	2007	0	7	0.571429	0.428571	-0.428571	2.0	104.112	6.38796e+10	0.00112059	0	15347.1	161.87
data/cosmicData/MDBM-106/2013-09-11/cosmic_001179	MDBM-106	2198	1179	Unknown	2013-09-11	6708	2007	0	972445	0.468006	0.325768	0.174877	0.520734	167.65	26.1751	96.6742	0	884.167	57.7927
data/cosmicData/MDBM-106/2013-09-17/cosmic_001230	MDBM-106	0	1230	Efficiency	2013-09-17	7151	1093	600	387755	0.61046	0.590981	0.573426	0.0398637	100.21	56.8614	64.4905	0	9526.41	104.202
data/cosmicData/MDBM-106/2013-09-17/cosmic_001231	MDBM-106	0	1231	Efficiency	2013-09-17	7152	1093	700	685899	0.623038	0.608839	0.597615	0.0260918	99.3412	58.9047	115.075	0	9872.29	105.252
data/cosmicData/MDBM-106/2013-09-17/cosmic_001232	MDBM-106	0	1232	Unknown	2013-09-17	7153	1193	0	360962	0.638458	0.601878	0.559933	0.0961221	99.476	54.1173	60.4772	0	9960.75	107.471
data/cosmicData/MDBM-106/2013-09-17/cosmic_001233	MDBM-106	0	1233	Efficiency	2013-09-17	7154	1501	700	352610	0.543303	0.514092	0.483182	0.0774353	99.1261	47.0138	59.2865	0	10141.2	112.236
data/cosmicData/MDBM-106/2013-09-17/cosmic_001234	MDBM-106	0	1234	Occupancy	2013-09-17	7151	1093	700	5349604	0.593218	0.411643	0.19013	0.628259	186.554	28.5474	477.93	0	12883.4	117.422
data/cosmicData/MDBM-106/2013-09-17/cosmic_001235	MDBM-106	0	1235	Unknown	2013-09-17	7151	1093	0	10050	0.611542	0.437512	0.227635	0.575165	173.373	32.2249	0.966127	0	11743.1	150.326
data/cosmicData/MDBM-106/2013-09-17/cosmic_001236	MDBM-106	0	1236	Occupancy	2013-09-17	7151	1093	700	0	0.0	0.0	0.0	0.0	0.0	0.0	0.0	0	0.0	0.0
data/cosmicData/MDBM-106/2013-09-18/cosmic_001230	MDBM-106	0	1230	Unknown	2013-09-18	7152	1093	0	23361	0.309875	0.270451	0.252183	0.122507	190.445	45.1961	2.04442	0	8954.1	140.744
data/cosmicData/MDBM-106/2013-09-18/cosmic_001231	MDBM-106	0	1231	Occupancy	2013-09-18	7152	1093	700	2287370	0.348171	0.277645	0.219405	0.279817	215.037	42.9976	177.285	0	-83.2345	28.8097
data/cosmicData/MDBM-106/2013-09-19/cosmic_001250	MDBM-106	0	1250	Unknown	2013-09-19	7152	1093	0	880228	0.0479376	0.0231645	-inf	3.18377	5987.32	2.92141e+07	2.45025	1	3472.1	119.695
data/cosmicData/MDBM-106/2013-09-19/cosmic_001251	MDBM-106	0	1251	Occupancy	2013-09-19	7152	1093	700	0	0.0	0.0	0.0	0.0	0.0	0.0	0.0	0	0.0	0.0
data/cosmicData/MDBM-107/2013-10-03/cosmic_001434	MDBM-107	0	1434	Unknown	2013-10-03	10255	2488	0	74061	0.114095	0.112448	0.1111	0.0136888	215.085	23.8547	5.7389	0	8483.1	139.061
data/cosmicData/MDBM-11/2013-08-11/cosmic_001069	MDBM-11	2192	1069	Occupancy	2013-08-11	4620	1205	800	5431047	0.346053	0.252123	0.128931	0.586004	235.973	24.6303	383.593	1	6463.4	85.2584
data/cosmicData/MDBM-11/2013-08-12/cosmic_001070	MDBM-11	2192	1070	Efficiency	2013-08-12	4652	1205	600	530836	0.744838	0.741464	0.735449	0.0148172	118.605	86.6385	74.5942	0	11680.8	112.428
data/cosmicData/MDBM-11/2013-08-12/cosmic_001071	MDBM-11	2192	1071	Efficiency	2013-08-12	4654	1205	800	432053	0.749216	0.745321	0.738091	0.0176636	118.665	86.8811	60.6825	0	11602.4	112.472
data/cosmicData/MDBM-11/2013-08-12/cosmic_001072	MDBM-11	2192	1072	Efficiency	2013-08-12	4655	1517	800	69623	0.23498	0.233199	0.229711	0.0240207	118.969	27.0769	9.75368	0	11155.2	127.617
data/cosmicData/MDBM-11/2013-08-12/cosmic_001073	MDBM-11	2192	1073	Efficiency	2013-08-12	4655	1517	800	95406	0.701119	0.692116	0.67731	0.0351648	117.962	78.7722	13.4798	0	10867.6	118.267
data/cosmicData/MDBM-11/2013-08-12/cosmic_001074	MDBM-11	2192	1074	Efficiency	2013-08-12	4655	1517	700	416421	0.723907	0.711383	0.690848	0.0465239	118.273	80.2228	58.681	0	11676.1	112.325
data/cosmicData/MDBM-11/2013-08-12/cosmic_001075	MDBM-11	2192	1075	Efficiency	2013-08-12	4652	1205	700	419417	0.817423	0.777205	0.69664	0.181561	118.209	75.1924	59.1347	0	11659.4	112.725
data/cosmicData/MDBM-11/2013-08-15/cosmic_001090	MDBM-11	2192	1090	Occupancy	2013-08-15	4620	1205	800	636465	0.169455	0.164839	0.160833	0.0409764	228.14	36.0653	46.4967	0	10092.2	112.018
data/cosmicData/MDBM-11/2013-08-15/cosmic_001091	MDBM-11	2192	1091	Occupancy	2013-08-15	4620	1205	700	6464673	0.285853	0.172548	0.0758432	0.627027	588.137	37.8499	183.197	1	5226.39	77.7046
data/cosmicData/MDBM-116/2013-10-03/cosmic_001431	MDBM-34	0	1431	Unknown	2013-10-03	9485	2007	0	125083	0.0	0.0	0.0	nan	10300.5	0.0	0.20239	0	0.0	161.889
data/cosmicData/MDBM-116/2013-10-03/cosmic_001432	MDBM-34	0	1432	Unknown	2013-10-03	9485	2007	0	370884	0.0266687	0.0262912	0.0259455	0.0169213	989.788	25.5824	6.24518	0	7198.1	134.361
data/cosmicData/MDBM-116/2013-10-03/cosmic_001433	MDBM-116	0	1433	Unknown	2013-10-03	10235	2488	0	48410	0.17926	0.154121	0.134672	0.146763	169.557	22.2971	4.75847	0	9447.1	142.485
data/cosmicData/MDBM-116/2013-10-17/cosmic_001431	MDBM-116	0	1431	Unknown	2013-10-17	10845	1514	0	10172762	0.0127818	0.00826128	0.00280122	0.71366	208.959	0.494299	811.383	0	9972.09	131.659
data/cosmicData/MDBM-12/2013-07-17/cosmic_001001	MDBM-11	2192	1001	Unknown	2013-07-17	1182	0	0	8529	0.443194	0.294759	-0.0812752	1.21241	10263.6	5.16845e+09	0.01385	0	23959.6	161.781
data/cosmicData/MDBM-12/2013-07-17/cosmic_001002	MDBM-11	2192	1002	Unknown	2013-07-17	1182	0	0	110225	0.439501	0.28988	-0.0694871	1.18753	1828.61	7.12527e+07	1.00463	0	15195.1	161.4
data/cosmicData/MDBM-12/2013-07-17/cosmic_001003	MDBM-11	2192	1003	Unknown	2013-07-17	1182	0	0	615	0.492683	0.326829	-0.141373	1.35821	121.562	8.4895e+08	0.0843192	0	21060.2	161.836
data/cosmicData/MDBM-12/2013-07-17/cosmic_001004	MDBM-11	2192	1004	Unknown	2013-07-17	1182	0	0	1075	0.849302	0.282791	-0.0591151	1.17434	127.882	5.10928e+08	0.140104	0	15318.1	161.781
data/cosmicData/MDBM-12/2013-07-17/cosmic_001005	MDBM-11	2192	1005	Unknown	2013-07-17	1182	0	0	483	0.869565	0.304348	0.042552	0.877551	450.325	16.7823	0.017876	0	18834.1	161.852
data/cosmicData/MDBM-12/2013-07-17/cosmic_001006	MDBM-11	2192	1006	Unknown	2013-07-17	1182	0	0	999	0.873874	0.309309	-0.04387	1.1165	123.719	5.31899e+08	0.13458	0	15092.1	161.081
data/cosmicData/MDBM-12/2013-07-17/cosmic_001007	MDBM-11	2192	1007	Unknown	2013-07-17	1182	0	0	1115	0.933632	0.289686	-0.072263	1.19814	124.924	4.81206e+08	0.148757	0	14647.1	159.693
data/cosmicData/MDBM-12/2013-07-17/cosmic_001008	MDBM-11	2192	1008	Unknown	2013-07-17	1182	0	0	508	0.919291	0.498031	0.196325	0.675889	128.598	20.7579	0.0658385	0	15059.1	160.978
data/cosmicData/MDBM-12/2013-07-17/cosmic_001009	MDBM-11	2192	1009	Unknown	2013-07-17	1182	0	0	571	0.665499	0.467601	0.0899807	0.853933	125.143	8.54742	0.0760463	0	15032.1	160.894
data/cosmicData/MDBM-12/2013-07-17/cosmic_001010	MDBM-11	2192	1010	Unknown	2013-07-17	1182	0	0	2513	0.449264	0.292877	-0.0536253	1.14946	418.378	7.15049e+08	0.100109	0	15180.1	161.354
data/cosmicData/MDBM-12/2013-07-17/cosmic_001011	MDBM-11	2192	1011	Unknown	2013-07-17	1182	0	0	21730	0.438334	0.2896	-0.0583996	1.16034	1169.95	2.31243e+08	0.309557	0	14908.1	160.509
data/cosmicData/MDBM-12/2013-07-17/cosmic_001012	MDBM-11	2192	1012	Unknown	2013-07-17	1182	0	0	17760	0.447691	0.29848	-0.0462871	1.12394	1323.11	3.19973e+08	0.223715	0	14529.1	159.324
data/cosmicData/MDBM-12/2013-07-17/cosmic_001013	MDBM-11	2192	1013	Unknown	2013-07-17	1182	0	0	1091	0.713107	0.527039	0.188631	0.725217	113.206	16.3946	0.160622	0	14655.1	159.719
data/cosmicData/MDBM-12/2013-07-17/cosmic_001014	MDBM-11	2192	1014	Unknown	2013-07-17	1182	0	0	1041	0.739673	0.57829	0.369066	0.458472	107.878	33.7832	0.160829	0	14647.1	159.693
data/cosmicData/MDBM-12/2013-07-17/cosmic_001015	MDBM-11	2192	1015	Unknown	2013-07-17	1182	0	0	967	0.713547	0.559462	0.316754	0.515712	107.874	29.2274	0.149403	0	14699.1	159.856
data/cosmicData/MDBM-12/2013-07-17/cosmic_001016	MDBM-11	2192	1016	Unknown	2013-07-17	1182	0	0	1159656	0.795307	0.603304	0.325466	0.570018	109.936	28.5185	175.807	0	10090.2	104.952
data/cosmicData/MDBM-12/2013-07-19/cosmic_001017	MDBM-12	2228	1017	Unknown	2013-07-19	1260	0	0	137	0.0364964	0.00729927	-0.0145985	3.0	16.634	5.21478e+08	0.137269	0	23087.6	161.886
data/cosmicData/MDBM-12/2013-07-19/cosmic_001018	MDBM-12	2228	1018	Unknown	2013-07-19	1260	0	0	2336	0.395976	0.0766267	-0.126426	2.34637	178.867	3.28864e+08	0.217667	0	14546.1	159.377
data/cosmicData/MDBM-12/2013-07-19/cosmic_001019	MDBM-12	2228	1019	Unknown	2013-07-19	1305	0	0	1615	0.422291	0.0613003	-0.437841	4.0303	135.488	3.60319e+08	0.198665	1	14573.1	159.462
data/cosmicData/MDBM-12/2013-07-19/cosmic_001020	MDBM-12	2228	1020	Unknown	2013-07-19	1305	0	0	1289	0.481769	0.442203	0.423412	0.0578947	118.424	49.3355	0.181412	0	14616.1	159.596
data/cosmicData/MDBM-12/2013-07-19/cosmic_001021	MDBM-12	2228	1021	Unknown	2013-07-19	1305	0	0	3424	0.481308	0.444217	0.4349	0.0276134	127.88	55.238	0.446252	0	13619.1	156.442
data/cosmicData/MDBM-12/2013-07-19/cosmic_001022	MDBM-12	2228	1022	Unknown	2013-07-19	1305	0	0	4241	0.331526	0.27635	0.262252	0.0639932	152.189	39.366	0.464445	0	13861.1	157.213
data/cosmicData/MDBM-12/2013-07-19/cosmic_001023	MDBM-12	2228	1023	Unknown	2013-07-19	1305	0	0	72999	0.0485897	0.0350553	0.0211252	0.433763	1894.72	37.6094	0.642127	0	13358.1	155.605
data/cosmicData/MDBM-12/2013-07-19/cosmic_001024	MDBM-12	2228	1024	Unknown	2013-07-19	1305	0	0	3173	0.549322	0.463914	0.452993	0.0305707	108.633	48.8557	0.486808	0	13451.1	155.904
data/cosmicData/MDBM-12/2013-07-19/cosmic_001025	MDBM-12	2228	1025	Unknown	2013-07-19	1408	0	0	6702211	0.781963	0.575794	0.566813	0.0273919	109.113	61.1056	1023.74	0	8941.39	98.3311
data/cosmicData/MDBM-12/2013-07-20/cosmic_001026	MDBM-12	2228	1026	Unknown	2013-07-20	1408	0	0	379	0.0	0.0	0.0	nan	115.644	0.0	0.0546215	0	0.0	161.889
data/cosmicData/MDBM-12/2013-07-20/cosmic_001027	MDBM-12	2228	1027	Unknown	2013-07-20	1408	0	0	364	0.0	0.0	0.0	nan	110.859	0.0	0.0547242	0	0.0	161.889
data/cosmicData/MDBM-12/2013-07-20/cosmic_001028	MDBM-12	2228	1028	Unknown	2013-07-20	1395	1469	0	646	0.739938	0.736842	0.734461	0.00630252	108.977	79.7927	0.0987977	0	14598.1	159.54
data/cosmicData/MDBM-12/2013-07-20/cosmic_001029	MDBM-12	2228	1029	Unknown	2013-07-20	1395	1469	0	8454237	0.758385	0.754588	0.745172	0.0241073	109.026	80.2868	1292.38	0	8997.83	98.6002
data/cosmicData/MDBM-12/2013-07-21/cosmic_001030	MDBM-12	2228	1030	Unknown	2013-07-21	1382	0	0	399	0.706767	0.706767	0.702606	0.0106383	105.039	73.4484	0.0633098	0	14922.1	160.552
data/cosmicData/MDBM-12/2013-07-21/cosmic_001031	MDBM-12	2228	1031	Unknown	2013-07-21	1382	0	0	9157816	0.55671	0.55424	0.548587	0.0166289	108.984	59.399	1400.48	1	9120.83	99.3126
data/cosmicData/MDBM-12/2013-08-01/cosmic_001015	MDBM-12	2228	1015	Unknown	2013-08-01	3529	1213	0	13596	0.0211827	0.0208149	0.0201059	0.0424028	1396.73	27.8401	0.162236	0	15016.1	160.845
data/cosmicData/MDBM-12/2013-08-01/cosmic_001016	MDBM-12	2228	1016	Unknown	2013-08-01	3570	1213	0	915	0.391257	0.384699	0.376885	0.0255682	110.124	41.2815	0.13848	0	14920.1	160.546
data/cosmicData/MDBM-12/2013-08-01/cosmic_001017	MDBM-12	2228	1017	Unknown	2013-08-01	3570	1213	0	1134	0.336861	0.334215	0.334215	0.0	117.447	39.2527	0.160923	0	14909.1	160.512
data/cosmicData/MDBM-12/2013-08-01/cosmic_001018	MDBM-12	2228	1018	Unknown	2013-08-01	3570	1213	0	386609	0.589438	0.586838	0.581667	0.013342	109.923	63.6464	58.6182	0	11572.4	113.596
data/cosmicData/MDBM-12/2013-08-01/cosmic_001019	MDBM-12	2228	1019	Unknown	2013-08-01	3570	1213	0	38083	0.0499698	0.0312475	0.00227558	0.927731	11.9927	0.0270822	52.9253	0	15314.1	161.768
data/cosmicData/MDBM-12/2013-08-01/cosmic_001020	MDBM-12	2228	1020	Unknown	2013-08-01	3570	1213	0	15	0.0	0.0	0.0	nan	10.1866	0.0	0.024542	0	0.0	161.889
data/cosmicData/MDBM-12/2013-08-01/cosmic_001021	MDBM-12	2228	1021	Unknown	2013-08-01	3570	1213	0	1226	0.606036	0.604405	0.593889	0.0283401	84.0389	49.354	0.243142	0	14325.1	158.682
data/cosmicData/MDBM-12/2013-08-01/cosmic_001022	MDBM-12	2228	1022	Unknown	2013-08-01	3570	1213	0	379787	0.733382	0.729214	0.718992	0.0258895	107.829	76.5948	58.702	0	10912.6	109.982
data/cosmicData/MDBM-12/2013-08-01/cosmic_001023	MDBM-12	2228	1023	Unknown	2013-08-01	3570	1213	0	384988	0.746402	0.735901	0.703128	0.078295	109.456	74.2425	58.6212	0	10296.6	107.145
data/cosmicData/MDBM-12/2013-08-01/cosmic_001024	MDBM-12	2228	1024	Unknown	2013-08-01	3570	1213	0	7481	0.372143	0.338992	0.28705	0.240142	185.639	47.8181	0.671643	0	12167.1	151.73
data/cosmicData/MDBM-12/2013-08-01/cosmic_001025	MDBM-12	2228	1025	Unknown	2013-08-01	3570	1213	0	5572845	0.202969	0.148285	0.0577753	0.679046	283.307	13.4833	327.845	1	15806.6	129.569
data/cosmicData/MDBM-12/2013-08-02/cosmic_001026	MDBM-12	2228	1026	Unknown	2013-08-02	3603	1499	0	172339	0.178044	0.174615	0.163902	0.0894228	109.44	17.401	26.2457	0	9011.16	118.92
data/cosmicData/MDBM-12/2013-08-02/cosmic_001027	MDBM-12	2228	1027	Unknown	2013-08-02	3603	1499	0	390290	0.741241	0.738628	0.732796	0.0137679	108.746	79.2167	59.8168	0	10481.1	108.715
data/cosmicData/MDBM-12/2013-08-02/cosmic_001028	MDBM-12	2228	1028	Unknown	2013-08-02	3599	1100	0	389887	0.805839	0.801484	0.790325	0.0329389	108.416	84.0317	59.9367	0	9918.82	104.322
data/cosmicData/MDBM-12/2013-08-02/cosmic_001029	MDBM-12	2228	1029	Unknown	2013-08-02	3604	2011	0	4656213	0.00193977	0.00118659	-23.7766	1.2467	10044.7	9.26535e+06	7.72585	1	18427.1	160.59
data/cosmicData/MDBM-12/2013-08-02/cosmic_001030	MDBM-12	2228	1030	Unknown	2013-08-02	3604	2011	0	6602	0.165859	0.164193	0.162252	0.0138376	172.408	27.9164	0.638215	0	14127.1	158.057
data/cosmicData/MDBM-12/2013-08-02/cosmic_001032	MDBM-12	2228	1032	Unknown	2013-08-02	3599	1100	0	10498418	0.229853	0.225394	0.218521	0.0576917	214.814	45.6245	814.535	0	4514.23	72.4638
data/cosmicData/MDBM-13/2013-08-09/cosmic_001056	MDBM-13	2229	1056	Efficiency	2013-08-09	4165	1104	600	398899	0.352139	0.343282	0.334639	0.0304305	113.451	37.7605	58.601	0	9310.62	111.49
data/cosmicData/MDBM-13/2013-08-09/cosmic_001057	MDBM-13	2229	1057	Efficiency	2013-08-09	4168	1104	800	404075	0.649805	0.582419	0.477506	0.255077	114.206	49.5489	58.969	0	11205.9	114.687
data/cosmicData/MDBM-13/2013-08-09/cosmic_001058	MDBM-13	2229	1058	Efficiency	2013-08-09	4169	1104	850	556034	0.762121	0.701347	0.586235	0.259141	114.902	59.7029	80.6535	0	11272.3	111.705
data/cosmicData/MDBM-13/2013-08-09/cosmic_001059	MDBM-13	2229	1059	Efficiency	2013-08-09	4170	1202	800	441084	0.714041	0.68299	0.635188	0.113584	115.455	69.8978	63.6735	0	11037.4	109.995
data/cosmicData/MDBM-13/2013-08-09/cosmic_001060	MDBM-13	2229	1060	Efficiency	2013-08-09	4172	1510	800	421163	0.633042	0.622265	0.6068	0.0372718	113.635	68.0754	61.7715	0	11233.1	112.12
data/cosmicData/MDBM-13/2013-08-09/cosmic_001061	MDBM-13	2229	1061	Unknown	2013-08-09	4168	1104	0	19722	0.804229	0.584981	0.0996858	0.890353	155.681	9.98564	2.11137	0	8409.1	138.795
data/cosmicData/MDBM-13/2013-08-09/cosmic_001062	MDBM-13	2229	1062	Unknown	2013-08-09	4168	1104	0	74877	0.754771	0.462999	-0.142823	1.21045	156.663	8.98621e+06	7.96583	0	18615.2	154.097
data/cosmicData/MDBM-13/2013-08-09/cosmic_001063	MDBM-13	2229	1063	Occupancy	2013-08-09	4168	1104	750	4667633	0.219233	0.15191	-0.0182913	1.0718	165.599	152375.0	469.773	1	7252.06	92.6823
data/cosmicData/MDBM-13/2013-08-10/cosmic_001064	MDBM-13	2229	1064	Occupancy	2013-08-10	4165	1104	550	10133918	0.151638	0.142245	0.135163	0.0757879	353.931	46.5294	477.207	0	761.84	39.2301
data/cosmicData/MDBM-13/2013-08-12/cosmic_001076	MDBM-13	2229	1076	Unknown	2013-08-12	4658	1104	0	98662	0.00200685	0.00100343	-7.78194e+07	4.09091	9645.69	4.19897e+08	0.170477	1	14645.1	159.687
data/cosmicData/MDBM-13/2013-08-12/cosmic_001077	MDBM-13	2229	1077	Unknown	2013-08-12	4658	1104	0	7692	0.339314	0.336453	0.330627	0.0278207	166.109	54.3331	0.771782	0	11836.1	150.635
data/cosmicData/MDBM-13/2013-08-12/cosmic_001078	MDBM-13	2229	1078	Unknown	2013-08-12	4658	1104	0	184	0.423913	0.413043	0.413043	0.0	162.598	67.1601	0.0188605	0	15240.1	161.539
data/cosmicData/MDBM-13/2013-08-12/cosmic_001079	MDBM-13	2229	1079	Unknown	2013-08-12	4658	1104	0	11702	0.33866	0.335413	0.329162	0.0282803	162.331	52.9082	1.20145	0	10500.1	146.134
data/cosmicData/MDBM-13/2013-08-12/cosmic_001080	MDBM-13	2229	1080	Occupancy	2013-08-12	4658	1104	550	3337867	0.250103	0.247803	0.245019	0.0156395	180.281	43.9756	308.58	1	1221.32	45.1442
data/cosmicData/MDBM-13/2013-08-22/cosmic_001105	MDBM-13	2229	1105	Occupancy	2013-08-22	5386	1104	800	3169718	0.145544	0.127154	0.111627	0.157718	190.25	20.3757	277.68	1	1878.42	54.2218
data/cosmicData/MDBM-13/2013-08-25/cosmic_001120	MDBM-13	2229	1120	Occupancy	2013-08-25	5386	1104	700	5360395	0.228095	0.198376	0.17195	0.180063	179.329	29.1689	498.19	1	1324.48	45.8912
data/cosmicData/MDBM-15/2013-08-07/cosmic_001043	MDBM-15	2231	1043	Unknown	2013-08-07	4085	1093	0	14520	0.639256	0.636088	0.631188	0.0126678	106.34	66.7846	2.27573	0	8007.1	137.339
data/cosmicData/MDBM-15/2013-08-07/cosmic_001044	MDBM-15	2231	1044	Unknown	2013-08-07	4085	1093	0	381514	0.606714	0.596937	0.585012	0.0312988	108.45	62.7114	58.6315	0	12405.6	116.572
data/cosmicData/MDBM-15/2013-08-07/cosmic_001045	MDBM-15	2231	1045	Unknown	2013-08-07	4086	1093	0	383604	0.772455	0.736105	0.684644	0.135034	109.093	69.4599	58.6052	0	12268.8	114.669
data/cosmicData/MDBM-15/2013-08-07/cosmic_001046	MDBM-15	2231	1046	Unknown	2013-08-07	4089	1508	0	1	0.0	0.0	0.0	nan	inf	nan	0.0	0	0.0	161.889
data/cosmicData/MDBM-15/2013-08-07/cosmic_001047	MDBM-15	2231	1047	Unknown	2013-08-07	4089	1508	0	869	0.662831	0.658228	0.656369	0.00524476	45.2044	29.5987	0.320397	0	14481.1	159.173
data/cosmicData/MDBM-15/2013-08-07/cosmic_001048	MDBM-15	2231	1048	Unknown	2013-08-07	4089	1508	0	384032	0.343654	0.340961	0.337552	0.017825	108.844	36.45	58.8048	0	12324.4	116.859
data/cosmicData/MDBM-15/2013-08-07/cosmic_001049	MDBM-15	2231	1049	Unknown	2013-08-07	4089	1508	0	98	0.0	0.0	0.0	nan	85.5287	0.0	0.0190968	0	0.0	161.889
data/cosmicData/MDBM-15/2013-08-07/cosmic_001050	MDBM-15	2231	1050	Unknown	2013-08-07	4091	1197	0	341841	0.712559	0.678979	0.628495	0.137202	109.415	64.0977	52.071	0	12133.3	115.495
data/cosmicData/MDBM-15/2013-08-07/cosmic_001051	MDBM-15	2231	1051	Unknown	2013-08-07	4085	1093	0	133474	0.0243268	0.0182882	-3.67383e+25	1.75133	2458.14	7.90988e+07	0.904978	0	10117.1	144.817
data/cosmicData/MDBM-15/2013-08-07/cosmic_001052	MDBM-15	2231	1052	Unknown	2013-08-07	4085	1093	0	7257	0.256993	0.250241	0.243929	0.0512115	188.168	44.676	0.642777	0	12476.1	152.745
data/cosmicData/MDBM-15/2013-08-07/cosmic_001053	MDBM-15	2231	1053	Occupancy	2013-08-07	4085	1093	600	8864049	0.355789	0.265262	0.18421	0.417544	209.559	32.3776	704.977	1	7549.4	91.033
data/cosmicData/MDBM-15/2013-08-11/cosmic_001064	MDBM-15	2231	1064	Occupancy	2013-08-11	4503	1093	600	1999907	0.278837	0.237023	0.208736	0.182384	188.794	36.587	176.552	0	8260.75	95.5563
data/cosmicData/MDBM-15/2013-08-11/cosmic_001065	MDBM-15	2231	1065	Efficiency	2013-08-11	4089	1508	800	496297	0.240489	0.226711	0.206156	0.150059	105.599	20.348	78.3305	0	12606.9	120.64
data/cosmicData/MDBM-15/2013-08-11/cosmic_001066	MDBM-15	2231	1066	Efficiency	2013-08-11	4089	1508	700	494497	0.695177	0.66216	0.615843	0.108992	105.542	62.2688	78.0883	0	12433.8	115.386
data/cosmicData/MDBM-15/2013-08-11/cosmic_001067	MDBM-15	2231	1067	Efficiency	2013-08-11	4091	1197	700	391915	0.755975	0.720238	0.66513	0.131363	105.942	66.2803	61.6553	0	12327.1	115.187
data/cosmicData/MDBM-15/2013-08-11/cosmic_001068	MDBM-15	2231	1068	Unknown	2013-08-11	4091	1197	0	1	1.0	1.0	-35.0	6.0	inf	inf	0.0	0	15349.1	161.876
data/cosmicData/MDBM-15/2013-08-17/cosmic_001070	MDBM-15	2231	1070	Unknown	2013-08-17	4070	1093	0	22797	0.00903628	0.00434268	-inf	15.0909	10478.4	1.97414e+09	0.0362602	1	13952.1	157.502
data/cosmicData/MDBM-15/2013-08-17/cosmic_001071	MDBM-15	2231	1071	Unknown	2013-08-17	4070	1093	0	15095	0.00834713	0.0045048	-0.681169	1.94118	10590.9	3.01343e+09	0.0237547	0	15170.1	161.323
data/cosmicData/MDBM-15/2013-08-17/cosmic_001077	MDBM-15	2231	1077	Unknown	2013-08-17	5038	1197	0	623066	0.000365932	0.000158892	1.13493e-05	0.939394	10487.3	0.10099	0.990193	1	15173.1	161.332
data/cosmicData/MDBM-15/2013-08-17/cosmic_001078	MDBM-15	2231	1078	Unknown	2013-08-17	5038	1197	0	67595	0.574791	0.547984	0.513344	0.0985665	116.948	57.7692	9.63317	0	12635.6	131.503
data/cosmicData/MDBM-15/2013-08-17/cosmic_001079	MDBM-15	2231	1079	Unknown	2013-08-17	5038	1197	0	2936	0.506131	0.491826	0.487729	0.0124654	117.167	56.9076	0.417637	0	13505.1	156.077
data/cosmicData/MDBM-15/2013-08-17/cosmic_001080	MDBM-15	2231	1080	Unknown	2013-08-17	5038	1197	0	2936738	0.556455	0.54119	0.534906	0.0186909	116.155	61.6871	421.382	0	14516.6	123.544
data/cosmicData/MDBM-16/2013-08-16/cosmic_002000	MDBM-16	2232	2000	Efficiency	2013-08-16	5024	1091	600	268448	0.516845	0.428169	0.323847	0.316127	102.033	29.8766	43.8498	0	11000.6	118.828
data/cosmicData/MDBM-16/2013-08-16/cosmic_002001	MDBM-16	2232	2001	Efficiency	2013-08-16	5024	1091	550	382392	0.621347	0.581992	0.531704	0.135139	102.51	51.5977	62.1713	0	10911.7	111.808
data/cosmicData/MDBM-16/2013-08-16/cosmic_002002	MDBM-16	2232	2002	Efficiency	2013-08-16	5027	1199	550	372277	0.584543	0.57815	0.569987	0.0229287	101.541	57.36	61.1045	0	10973.7	112.085
data/cosmicData/MDBM-16/2013-08-16/cosmic_002003	MDBM-16	2232	2003	Unknown	2013-08-16	5032	1515	0	21	0.0	0.0	0.0	nan	0.814258	0.0	0.42984	0	0.0	161.889
data/cosmicData/MDBM-16/2013-08-16/cosmic_002004	MDBM-16	2232	2004	Efficiency	2013-08-16	5032	1515	550	405890	0.545877	0.540055	0.532936	0.0198583	102.595	54.3065	65.9375	0	11372.7	113.851
data/cosmicData/MDBM-16/2013-08-16/cosmic_002005	MDBM-16	2232	2005	Unknown	2013-08-16	5024	1091	0	29819	0.330662	0.270331	0.223172	0.250465	168.169	34.0749	2.95525	0	7641.1	136.0
data/cosmicData/MDBM-16/2013-08-16/cosmic_002006	MDBM-16	2232	2006	Unknown	2013-08-16	5024	1091	0	7477833	0.129847	0.0569069	-inf	2.15642	10492.7	6.02591e+06	11.8778	0	20183.1	144.731
data/cosmicData/MDBM-16/2013-08-16/cosmic_002007	MDBM-16	2232	2007	Unknown	2013-08-16	5024	1091	0	31	0.0967742	0.0645161	0.0645161	0.0	290.387	18.7346	0.00177923	0	21075.2	161.883
data/cosmicData/MDBM-16/2013-08-16/cosmic_002008	MDBM-16	2232	2008	Unknown	2013-08-16	5024	1091	0	500	0.132	0.062	-0.00455829	1.06452	287.114	2.46629e+09	0.0290245	0	15340.1	161.849
data/cosmicData/MDBM-16/2013-08-16/cosmic_002009	MDBM-16	2232	2009	Occupancy	2013-08-16	5024	1091	550	10054241	0.273273	0.182467	0.0770544	0.6646	351.165	21.4911	477.185	0	3488.78	65.2763
data/cosmicData/MDBM-16/2013-08-21/cosmic_001088	MDBM-16	2232	1088	Unknown	2013-08-21	5024	1091	0	11779	0.266576	0.263265	0.260611	0.0164463	159.402	41.2748	1.23158	0	11180.1	148.442
data/cosmicData/MDBM-16/2013-08-21/cosmic_001089	MDBM-16	2232	1089	Unknown	2013-08-21	5024	1091	0	8481309	0.146777	0.135372	0.11368	0.22392	264.196	27.7564	535.038	0	3501.18	65.4141
data/cosmicData/MDBM-16/2013-09-04/cosmic_001152	MDBM-16	2232	1152	Efficiency	2013-09-04	6163	1107	600	365030	0.352242	0.347615	0.343769	0.0148711	100.518	34.422	60.5247	0	9604.62	112.801
data/cosmicData/MDBM-16/2013-09-04/cosmic_001153	MDBM-16	2232	1153	Efficiency	2013-09-04	6165	1205	600	354545	0.492462	0.456286	0.420548	0.110562	100.773	40.8974	58.6378	0	12314.4	118.195
data/cosmicData/MDBM-16/2013-09-04/cosmic_001154	MDBM-16	2232	1154	Efficiency	2013-09-04	6168	1517	600	364630	0.441283	0.436708	0.431998	0.0150342	100.066	43.0427	60.7315	0	12305.4	118.157
data/cosmicData/MDBM-16/2013-09-04/cosmic_001155	MDBM-16	2232	1155	Efficiency	2013-09-04	6170	1107	650	358807	0.602109	0.595903	0.588174	0.0221969	100.586	58.6091	59.4527	0	11607.4	113.75
data/cosmicData/MDBM-16/2013-09-04/cosmic_001156	MDBM-16	2232	1156	Occupancy	2013-09-04	6170	1107	650	10013554	0.470742	0.309233	0.130439	0.664667	234.582	24.3253	711.445	0	3757.74	67.1491
data/cosmicData/MDBM-17/2013-09-25/cosmic_001352	MDBM-17	2207	1352	Efficiency	2013-09-25	9081	1004	500	109865	0.50553	0.500432	0.494832	0.0160968	99.8017	49.1401	18.3472	0	7439.09	121.659
data/cosmicData/MDBM-17/2013-09-25/cosmic_001353	MDBM-17	2207	1353	Efficiency	2013-09-25	9081	1004	800	109888	0.769738	0.670628	0.485501	0.406275	98.7777	39.3302	18.5413	0	10246.6	122.082
data/cosmicData/MDBM-17/2013-09-25/cosmic_001354	MDBM-17	2207	1354	Efficiency	2013-09-25	9081	1004	1000	50898	0.703937	0.619022	0.0505696	0.961025	99.2136	2.3937	8.55023	0	9501.16	120.963
data/cosmicData/MDBM-17/2013-09-25/cosmic_001355	MDBM-17	2207	1355	Occupancy	2013-09-25	9081	1004	500	5139300	0.476457	0.36611	0.247008	0.445605	171.758	34.8617	498.695	0	1176.84	44.2041
data/cosmicData/MDBM-17/2013-09-25/cosmic_001356	MDBM-17	2207	1356	Efficiency	2013-09-25	9082	1197	800	87244	0.783229	0.725712	0.630968	0.237578	97.6893	54.0514	14.8846	0	8944.58	116.628
data/cosmicData/MDBM-17/2013-09-25/cosmic_001357	MDBM-17	2207	1357	Efficiency	2013-09-25	9084	1507	800	86179	0.626231	0.611924	0.594174	0.0485256	97.5569	56.8006	14.7229	0	10270.6	122.18
data/cosmicData/MDBM-17/2013-09-27/cosmic_001380	MDBM-17	2207	1380	Occupancy	2013-09-27	9081	1004	500	632561	0.27892	0.27285	0.267444	0.035824	173.393	45.6153	60.8023	0	1517.75	55.7405
data/cosmicData/MDBM-19/2013-09-26/cosmic_001358	MDBM-19	2205	1358	Efficiency	2013-09-26	9202	1119	500	95636	0.298988	0.288281	0.278196	0.0411317	102.211	28.2534	15.5946	0	10238.2	123.972
data/cosmicData/MDBM-19/2013-09-26/cosmic_001359	MDBM-19	2205	1359	Efficiency	2013-09-26	9202	1119	800	32425	0.645058	0.529653	0.310904	0.537149	102.177	25.0487	5.28903	0	12631.2	133.274
data/cosmicData/MDBM-19/2013-09-26/cosmic_001360	MDBM-19	2205	1360	Occupancy	2013-09-26	9202	1119	500	1458584	0.33054	0.262438	0.198504	0.309822	173.479	31.422	140.131	0	2405.06	61.1801
data/cosmicData/MDBM-19/2013-09-26/cosmic_001361	MDBM-19	2205	1361	Efficiency	2013-09-26	9205	1119	700	94077	0.639582	0.597766	0.544881	0.142009	103.289	52.9748	15.1802	0	9881.58	120.578
data/cosmicData/MDBM-19/2013-09-26/cosmic_001362	MDBM-19	2205	1362	Efficiency	2013-09-26	9206	1521	700	90268	0.581679	0.526565	0.462788	0.172936	102.563	44.6664	14.6687	0	9187.09	128.643
data/cosmicData/MDBM-19/2013-09-26/cosmic_001363	MDBM-19	2205	1363	Efficiency	2013-09-26	9207	1197	700	90081	0.186743	0.184045	0.181523	0.022438	102.416	18.4263	14.6593	0	11111.2	127.444
data/cosmicData/MDBM-19/2013-09-26/cosmic_001364	MDBM-19	2205	1364	Efficiency	2013-09-26	9207	1197	700	90347	0.581536	0.577839	0.572631	0.0148833	102.803	58.5193	14.6473	0	9784.58	120.175
data/cosmicData/MDBM-19/2013-09-28/cosmic_001406	MDBM-19	2205	1406	Occupancy	2013-09-28	9202	1119	500	651754	0.250558	0.235613	0.224667	0.0676535	174.354	38.301	62.3017	0	1935.39	59.925
data/cosmicData/MDBM-20/2013-08-21/cosmic_001100	MDBM-20	2212	1100	Occupancy	2013-08-21	5327	1538	700	9998579	0.00542787	0.00498261	0.00471845	0.0764166	3651.16	16.8021	45.641	0	13946.6	130.637
data/cosmicData/MDBM-22/2013-09-21/cosmic_001295	MDBM-22	2214	1295	Occupancy	2013-09-21	8048	1210	500	303921	0.287759	0.2849	0.281797	0.0163188	176.767	49.539	28.6555	0	-55.4185	67.838
data/cosmicData/MDBM-22/2013-09-22/cosmic_001305	MDBM-22	2214	1305	Efficiency	2013-09-22	8321	1212	500	98400	0.638181	0.634726	0.629646	0.0119122	111.905	70.1826	14.6553	0	9293.58	118.114
data/cosmicData/MDBM-22/2013-09-22/cosmic_001306	MDBM-22	2214	1306	Efficiency	2013-09-22	8321	1212	800	98470	0.7157	0.695836	0.667323	0.0679082	112.019	72.6538	14.6508	0	9048.58	117.073
data/cosmicData/MDBM-22/2013-09-22/cosmic_001307	MDBM-22	2214	1307	Efficiency	2013-09-22	8321	1212	1000	98518	0.828742	0.772772	0.652525	0.268271	112.118	63.3984	14.6449	0	10152.6	115.204
data/cosmicData/MDBM-22/2013-09-22/cosmic_001308	MDBM-22	2214	1308	Occupancy	2013-09-22	8321	1212	500	6174772	0.315693	0.312761	0.309146	0.0209836	184.675	56.547	557.265	0	228.069	31.1448
data/cosmicData/MDBM-22/2013-09-22/cosmic_001309	MDBM-22	2214	1309	Unknown	2013-09-22	8391	0	0	98708	0.785975	0.781426	0.774175	0.020147	112.309	85.9928	14.6483	0	10265.6	111.709
data/cosmicData/MDBM-22/2013-09-25/cosmic_001345	MDBM-22	2214	1345	Occupancy	2013-09-25	8321	1212	500	633990	0.268006	0.265118	0.261714	0.0185445	184.344	47.9666	57.3193	0	1689.17	64.3817
data/cosmicData/MDBM-23/2013-09-21/cosmic_001286	MDBM-23	2201	1286	Efficiency	2013-09-21	7873	1098	500	102660	0.735876	0.732398	0.726128	0.0147231	116.717	84.2248	14.6594	0	9510.62	112.383
data/cosmicData/MDBM-23/2013-09-21/cosmic_001287	MDBM-23	2201	1287	Efficiency	2013-09-21	7873	1098	800	102394	0.771178	0.740981	0.685082	0.12558	116.425	75.4353	14.658	0	9659.62	113.044
data/cosmicData/MDBM-23/2013-09-21/cosmic_001288	MDBM-23	2201	1288	Efficiency	2013-09-21	7873	1098	900	103464	0.9264	0.841491	0.454016	0.648626	116.356	34.4039	14.82	0	9868.62	113.965
data/cosmicData/MDBM-23/2013-09-21/cosmic_001289	MDBM-23	2201	1289	Occupancy	2013-09-21	7873	1098	500	3112383	0.713301	0.486878	0.0466473	0.935317	295.078	9.29276	175.795	0	18.4261	30.3809
data/cosmicData/MDBM-23/2013-09-21/cosmic_001290	MDBM-23	2201	1290	Unknown	2013-09-21	7874	1202	0	178920	0.00125196	0.000519785	-0.0522905	2.25806	10379.7	2.49164e+08	0.287292	0	15004.1	160.807
data/cosmicData/MDBM-23/2013-09-21/cosmic_001291	MDBM-23	2201	1291	Unknown	2013-09-21	7874	1202	0	142255	0.767825	0.757415	0.740214	0.0461641	116.871	84.4332	20.2867	0	10130.4	108.563
data/cosmicData/MDBM-23/2013-09-21/cosmic_001292	MDBM-23	2201	1292	Unknown	2013-09-21	7876	1515	0	4578	0.169725	0.103757	0.0580095	0.524211	14.8911	0.735122	5.12387	0	14921.1	160.549
data/cosmicData/MDBM-23/2013-09-21/cosmic_001293	MDBM-23	2201	1293	Unknown	2013-09-21	7876	1515	0	102106	0.797965	0.752238	0.667376	0.195644	116.192	70.3039	14.6462	0	10152.6	115.204
data/cosmicData/MDBM-23/2013-09-21/cosmic_001294	MDBM-22	2214	1294	Unknown	2013-09-21	8048	1210	0	5208	0.0	0.0	0.0	nan	192.241	0.0	0.451517	0	0.0	161.889
data/cosmicData/MDBM-23/2013-09-22/cosmic_001303	MDBM-23	2201	1303	Occupancy	2013-09-22	8364	1098	500	3510223	0.203743	0.12224	0.0575009	0.600194	975.134	47.6571	59.9955	0	-19.9839	33.4963
data/cosmicData/MDBM-24/2013-09-20/cosmic_001256	MDBM-24	2200	1256	Unknown	2013-09-20	7488	1999	0	249128	0.362312	0.25124	0.15704	0.434631	301.499	42.8259	13.7717	0	1362.16	80.5792
data/cosmicData/MDBM-24/2013-09-20/cosmic_001270	MDBM-24	2200	1270	Efficiency	2013-09-20	7615	1099	500	154814	0.635246	0.630666	0.623664	0.0144107	110.077	68.4214	23.4403	0	9229.62	111.126
data/cosmicData/MDBM-24/2013-09-20/cosmic_001271	MDBM-24	2200	1271	Efficiency	2013-09-20	7618	1099	800	98013	0.848214	0.810831	0.725259	0.202788	111.502	72.0753	14.6504	0	10348.6	112.08
data/cosmicData/MDBM-24/2013-09-20/cosmic_001272	MDBM-24	2200	1272	Efficiency	2013-09-20	7621	1099	1000	80478	0.677937	0.657956	0.612192	0.153935	111.466	62.0501	12.0333	0	10369.6	116.142
data/cosmicData/MDBM-24/2013-09-20/cosmic_001273	MDBM-24	2200	1273	Occupancy	2013-09-20	7615	1099	500	1591143	0.347032	0.323336	0.296607	0.134386	187.038	52.3491	141.784	0	-113.669	26.8328
data/cosmicData/MDBM-24/2013-09-20/cosmic_001274	MDBM-24	2200	1274	Efficiency	2013-09-20	7623	1099	700	28189	0.750151	0.747419	0.741956	0.0148085	81.0707	59.6965	5.79515	0	8931.16	118.583
data/cosmicData/MDBM-24/2013-09-20/cosmic_001275	MDBM-24	2200	1275	Efficiency	2013-09-20	7626	1099	700	98432	0.821613	0.799323	0.755976	0.108212	111.959	79.8076	14.653	0	10132.6	111.113
data/cosmicData/MDBM-24/2013-09-20/cosmic_001276	MDBM-24	2200	1276	Efficiency	2013-09-20	7627	1206	700	97776	0.800585	0.780386	0.743794	0.0887383	111.207	79.0832	14.6538	0	9578.62	112.685
data/cosmicData/MDBM-24/2013-09-20/cosmic_001277	MDBM-24	2200	1277	Efficiency	2013-09-20	7630	1506	700	575095	0.207868	0.205891	0.202942	0.0240189	111.797	22.4651	85.7353	0	9851.39	107.271
data/cosmicData/MDBM-24/2013-09-20/cosmic_001278	MDBM-25	2199	1278	Unknown	2013-09-20	0	0	0	350	0.0685714	0.0542857	0.0285714	0.473684	181.989	5.19969	0.0320532	0	15334.1	161.83
data/cosmicData/MDBM-24/2013-09-22/cosmic_001304	MDBM-24	2200	1304	Occupancy	2013-09-22	8369	1099	500	671708	0.299684	0.296875	0.293384	0.0206556	201.894	58.6991	55.4507	1	-145.593	34.4384
data/cosmicData/MDBM-25/2013-09-20/cosmic_001279	MDBM-25	2199	1279	Unknown	2013-09-20	0	0	0	30237	0.0644905	0.056917	0.0511072	0.106334	183.162	9.31651	2.75138	0	13810.1	157.051
data/cosmicData/MDBM-25/2013-09-20/cosmic_001280	MDBM-25	2199	1280	Efficiency	2013-09-20	7752	1106	500	96768	0.47556	0.472336	0.468279	0.0105017	110.119	51.4672	14.6459	0	9102.09	128.312
data/cosmicData/MDBM-25/2013-09-20/cosmic_001281	MDBM-25	2199	1281	Efficiency	2013-09-20	7752	1106	800	96840	0.477881	0.474504	0.470609	0.01025	110.189	51.7494	14.6475	0	9104.09	128.32
data/cosmicData/MDBM-25/2013-09-20/cosmic_001282	MDBM-25	2199	1282	Efficiency	2013-09-20	7752	1106	1000	97027	0.494656	0.489925	0.484365	0.0144522	110.317	53.2659	14.6588	0	9146.09	128.483
data/cosmicData/MDBM-25/2013-09-20/cosmic_001283	MDBM-25	2199	1283	Occupancy	2013-09-20	7752	1106	500	5078479	0.195642	0.192078	0.188711	0.0217496	181.291	34.0647	466.882	0	631.75	38.7556
data/cosmicData/MDBM-25/2013-09-21/cosmic_001284	MDBM-25	2199	1284	Efficiency	2013-09-21	7755	1206	800	97409	0.734491	0.730723	0.724602	0.0161003	110.814	79.6703	14.6506	0	9791.62	113.627
data/cosmicData/MDBM-25/2013-09-21/cosmic_001285	MDBM-25	2199	1285	Efficiency	2013-09-21	7757	1501	800	96812	0.676166	0.672778	0.667305	0.0136336	110.093	73.0585	14.6561	0	9330.58	118.271
data/cosmicData/MDBM-25/2013-09-22/cosmic_001305	MDBM-25	2199	1305	Occupancy	2013-09-22	8373	1106	500	679707	0.284124	0.280812	0.277301	0.0217687	204.372	56.1408	55.4305	1	-174.252	37.6165
data/cosmicData/MDBM-25/2013-09-23/cosmic_001304	MDBM-25	2199	1304	Efficiency	2013-09-23	8376	1106	900	99415	0.74191	0.737494	0.73115	0.0154669	112.992	82.042	14.664	0	9438.62	112.062
data/cosmicData/MDBM-25/2013-09-23/cosmic_001305	MDBM-25	2199	1305	Efficiency	2013-09-23	8376	1106	800	104803	0.709856	0.705361	0.699804	0.0132298	113.179	78.7759	15.4332	0	9734.62	113.375
data/cosmicData/MDBM-25/2013-09-23/cosmic_001306	MDBM-25	2199	1306	Efficiency	2013-09-23	8376	1106	500	186709	0.310344	0.308218	0.304441	0.0184545	237.778	71.9348	13.0871	1	7036.09	119.992
data/cosmicData/MDBM-26/2013-09-25/cosmic_001328	MDBM-26	2219	1328	Unknown	2013-09-25	8968	1099	0	100631	0.0751657	0.0739931	0.0722624	0.0390814	901.742	64.1151	1.85993	1	6148.1	130.396
data/cosmicData/MDBM-26/2013-09-25/cosmic_001329	MDBM-26	2219	1329	Unknown	2013-09-25	8968	1099	0	5867047	0.665851	0.494871	0.214025	0.673773	208.033	33.5849	470.042	0	-92.0297	26.0
data/cosmicData/MDBM-26/2013-09-25/cosmic_001330	MDBM-26	2219	1330	Unknown	2013-09-25	8969	1099	0	120133	0.572466	0.568437	0.563191	0.0124326	129.321	72.5966	15.4826	0	10206.6	121.918
data/cosmicData/MDBM-26/2013-09-25/cosmic_001331	MDBM-26	2219	1331	Unknown	2013-09-25	8969	1099	0	9049	0.864515	0.808266	0.655149	0.310911	130.123	72.4742	1.15903	0	8695.1	139.821
data/cosmicData/MDBM-26/2013-09-25/cosmic_001332	MDBM-26	2219	1332	Unknown	2013-09-25	8969	1099	0	114435	0.862927	0.795954	0.615882	0.357589	130.029	66.4879	14.6678	0	9488.62	112.285
data/cosmicData/MDBM-26/2013-09-25/cosmic_001333	MDBM-26	2219	1333	Unknown	2013-09-25	8969	1099	0	33518	0.438242	0.405842	-0.074158	1.05352	128.3	1.64403e+07	4.35412	0	6164.1	130.457
data/cosmicData/MDBM-26/2013-09-25/cosmic_001334	MDBM-26	2219	1334	Unknown	2013-09-25	8969	1099	0	4600448	0.527168	0.274976	-1.06135	1.13785	5233.18	4.88548e+06	14.6515	0	6831.58	107.187
data/cosmicData/MDBM-26/2013-09-25/cosmic_001335	MDBM-26	2219	1335	Unknown	2013-09-25	8969	1099	0	117894	0.917969	0.84794	0.572018	0.505877	129.511	54.2632	15.1717	0	9869.59	109.923
data/cosmicData/MDBM-26/2013-09-25/cosmic_001336	MDBM-26	2219	1336	Unknown	2013-09-25	8969	1099	0	975	0.924103	0.843077	0.575815	0.507299	128.033	53.183	0.12692	0	14188.1	158.25
data/cosmicData/MDBM-26/2013-09-25/cosmic_001337	MDBM-26	2219	1337	Unknown	2013-09-25	8970	1520	0	114073	0.684193	0.680722	0.67422	0.0141786	129.789	87.0974	14.6486	0	10282.6	115.767
data/cosmicData/MDBM-26/2013-09-25/cosmic_001338	MDBM-26	2219	1338	Unknown	2013-09-25	8925	1209	0	27211	0.920143	0.839513	0.504987	0.580459	129.948	45.7691	3.48998	0	9853.16	122.409
data/cosmicData/MDBM-26/2013-09-25/cosmic_001339	MDBM-26	2219	1339	Unknown	2013-09-25	8972	1209	0	87584	0.000274023	9.13409e-05	-0.00015251	1.875	10420.3	5.10992e+08	0.140086	0	15326.1	161.805
data/cosmicData/MDBM-26/2013-09-25/cosmic_001340	MDBM-26	2219	1340	Unknown	2013-09-25	8972	1209	0	116769	0.739109	0.735204	0.728725	0.0144673	129.616	93.9152	15.0148	0	9493.62	112.308
data/cosmicData/MDBM-26/2013-09-25/cosmic_001341	MDBM-26	2219	1341	Unknown	2013-09-25	8973	1099	0	114514	0.779232	0.763217	0.733582	0.0663852	130.26	92.8168	14.652	0	9357.62	111.7
data/cosmicData/MDBM-26/2013-09-27/cosmic_001382	MDBM-26	2219	1382	Occupancy	2013-09-27	8968	1099	500	724667	0.335844	0.332528	0.328695	0.0185001	206.672	67.4527	58.4395	0	-278.446	35.4683
data/cosmicData/MDBM-27/2013-09-23/cosmic_001308	MDBM-27	2202	1308	Unknown	2013-09-23	8514	0	0	97128	0.670908	0.667336	0.661423	0.0136075	110.511	72.7442	14.6484	0	8999.58	116.863
data/cosmicData/MDBM-27/2013-09-23/cosmic_001309	MDBM-27	2202	1309	Efficiency	2013-09-23	8516	0	800	99490	0.669022	0.6648	0.658168	0.0156937	111.426	72.9133	14.8814	0	8786.58	115.948
data/cosmicData/MDBM-27/2013-09-23/cosmic_001310	MDBM-27	2202	1310	Unknown	2013-09-23	8516	0	0	407	0.7543	0.724816	0.636826	0.20339	114.513	66.1196	0.0592362	0	14917.1	160.537
data/cosmicData/MDBM-27/2013-09-23/cosmic_001311	MDBM-27	2202	1311	Efficiency	2013-09-23	8518	0	1000	104346	0.6843	0.674937	0.660978	0.0338223	111.581	72.7627	15.5861	0	8844.58	116.198
data/cosmicData/MDBM-27/2013-09-23/cosmic_001312	MDBM-27	2202	1312	Occupancy	2013-09-23	8514	0	500	3336464	0.487834	0.331244	0.100641	0.763236	315.682	24.7578	176.152	0	261.779	33.7935
data/cosmicData/MDBM-27/2013-09-23/cosmic_001313	MDBM-27	2202	1313	Efficiency	2013-09-23	8519	0	1000	3084750	0.134799	0.128324	0.116436	0.168042	110.504	11.7974	465.255	0	10388.3	107.675
data/cosmicData/MDBM-27/2013-09-23/cosmic_001314	MDBM-27	2202	1314	Efficiency	2013-09-23	8447	0	1000	98755	0.742798	0.733451	0.717637	0.0394301	110.945	78.1646	14.8354	0	9846.62	113.868
data/cosmicData/MDBM-27/2013-09-25/cosmic_001342	MDBM-27	2202	1342	Occupancy	2013-09-25	8514	0	500	627173	0.29434	0.291033	0.287352	0.0213337	178.363	50.8021	58.6045	0	928.92	53.6284
data/cosmicData/MDBM-28/2013-09-24/cosmic_001315	MDBM-28	2217	1315	Efficiency	2013-09-24	8724	1110	500	103552	0.43497	0.431754	0.427818	0.0100651	117.738	50.3221	14.6586	0	9086.09	128.25
data/cosmicData/MDBM-28/2013-09-24/cosmic_001316	MDBM-28	2217	1316	Efficiency	2013-09-24	8724	1110	800	103162	0.797852	0.736512	0.600757	0.265965	117.342	63.4378	14.6527	0	9112.58	117.346
data/cosmicData/MDBM-28/2013-09-24/cosmic_001317	MDBM-28	2217	1317	Efficiency	2013-09-24	8724	1110	1000	103729	0.95977	0.875059	0.16587	0.90239	117.998	10.0787	14.6513	0	9959.62	114.363
data/cosmicData/MDBM-28/2013-09-24/cosmic_001318	MDBM-28	2217	1318	Occupancy	2013-09-24	8724	1110	500	1935456	0.548456	0.43946	0.158488	0.741538	190.25	21.6093	169.553	0	-47.6688	28.0357
data/cosmicData/MDBM-28/2013-09-24/cosmic_001319	MDBM-28	2217	1319	Unknown	2013-09-24	8726	1191	0	81798	0.00229834	0.0012103	-inf	14.7879	10149.7	5.32932e+08	0.134319	1	14079.1	157.905
data/cosmicData/MDBM-28/2013-09-24/cosmic_001320	MDBM-28	2217	1320	Efficiency	2013-09-24	8726	1191	1000	103561	0.747212	0.743909	0.737711	0.0140966	117.78	86.3828	14.6545	0	9741.62	113.406
data/cosmicData/MDBM-28/2013-09-24/cosmic_001321	MDBM-28	2217	1321	Efficiency	2013-09-24	8728	1520	1000	186638	0.712529	0.697243	0.672551	0.0538761	118.239	77.9998	26.308	0	10569.2	114.127
data/cosmicData/MDBM-28/2013-09-25/cosmic_001343	MDBM-28	2217	1343	Occupancy	2013-09-25	8724	1110	500	648471	0.287098	0.284253	0.280113	0.0199533	184.438	51.3809	58.599	0	432.92	48.7852
data/cosmicData/MDBM-28/2013-09-25/cosmic_001344	MDBM-22	2214	1344	Unknown	2013-09-25	8321	1212	0	29875	0.230259	0.227347	0.223054	0.0291519	188.245	41.5495	2.64503	0	9077.1	141.181
data/cosmicData/MDBM-29/2013-09-24/cosmic_001322	MDBM-29	0	1322	Unknown	2013-09-24	8852	1100	0	54	0.111111	0.0555556	0.0555556	0.0	10.856	0.603114	0.0829032	0	18844.1	161.883
data/cosmicData/MDBM-29/2013-09-24/cosmic_001323	MDBM-29	0	1323	Efficiency	2013-09-24	8852	1100	500	100581	0.705571	0.683608	0.653185	0.0773146	108.36	68.3487	15.4702	0	10044.6	114.734
data/cosmicData/MDBM-29/2013-09-24/cosmic_001324	MDBM-29	0	1324	Occupancy	2013-09-24	8852	1100	500	1982652	0.448263	0.334951	0.222053	0.464864	202.417	36.282	163.248	0	2169.98	54.8361
data/cosmicData/MDBM-29/2013-09-24/cosmic_001325	MDBM-29	0	1325	Efficiency	2013-09-24	8856	1188	500	104024	0.2254	0.218402	0.205864	0.112373	110.362	21.3947	15.7095	0	8782.16	117.953
data/cosmicData/MDBM-29/2013-09-24/cosmic_001326	MDBM-29	0	1326	Efficiency	2013-09-24	8856	1188	500	83939	0.724085	0.682782	0.603521	0.216342	110.768	59.2681	12.6299	0	8926.58	116.55
data/cosmicData/MDBM-29/2013-09-24/cosmic_001327	MDBM-29	0	1327	Efficiency	2013-09-24	8785	1494	0	97447	0.833971	0.7642	0.613387	0.322161	110.169	57.0683	14.742	0	10154.6	115.213
data/cosmicData/MDBM-29/2013-09-27/cosmic_001381	MDBM-29	0	1381	Occupancy	2013-09-27	8852	1100	500	738860	0.280389	0.251898	0.231196	0.125502	205.726	45.3181	59.858	0	2522.75	64.1249
data/cosmicData/MDBM-29/2013-09-28/cosmic_001402	MDBM-29	0	1402	Unknown	2013-09-28	9712	1100	0	96039	0.645738	0.641271	0.635617	0.0141264	108.463	68.5717	14.7576	0	9344.58	118.33
data/cosmicData/MDBM-29/2013-09-28/cosmic_001403	MDBM-29	0	1403	Efficiency	2013-09-28	9713	1100	500	98522	0.683756	0.678833	0.671745	0.0182117	109.076	72.6959	15.0541	0	11042.6	119.004
data/cosmicData/MDBM-29/2013-09-28/cosmic_001404	MDBM-29	0	1404	Unknown	2013-09-28	9713	1100	0	1141570	0.000224253	8.67227e-05	-6.22339e-06	1.06061	10415.0	3.91847e+07	1.8268	1	15145.1	161.245
data/cosmicData/MDBM-30/2013-09-30/cosmic_001420	MDBM-35	0	1420	Unknown	2013-09-30	9914	1090	0	2141	1.0	0.990191	-339275.0	3.58868	112.404	2.25489e+08	0.317457	0	13074.1	154.69
data/cosmicData/MDBM-30/2013-09-30/cosmic_001421	MDBM-30	0	1421	Efficiency	2013-09-30	10026	1003	500	138497	0.607399	0.603587	0.597423	0.0150009	112.5	66.8851	20.518	0	9441.62	112.076
data/cosmicData/MDBM-30/2013-09-30/cosmic_001422	MDBM-30	0	1422	Efficiency	2013-09-30	10026	1003	600	98584	0.677757	0.673456	0.667283	0.0154085	111.783	74.1212	14.6987	0	10684.6	117.49
data/cosmicData/MDBM-30/2013-09-30/cosmic_001423	MDBM-30	0	1423	Occupancy	2013-09-30	10026	1003	500	2150270	0.357217	0.309273	0.262023	0.234827	199.489	47.2086	179.648	0	1401.56	47.3392
data/cosmicData/MDBM-30/2013-09-30/cosmic_001424	MDBM-30	0	1424	Efficiency	2013-09-30	10026	1003	700	102210	0.894746	0.837188	0.681332	0.358833	112.104	60.1749	15.1957	0	9764.59	109.444
data/cosmicData/MDBM-30/2013-09-30/cosmic_001425	MDBM-30	0	1425	Efficiency	2013-09-30	10027	1198	700	105376	0.762935	0.756472	0.747512	0.0237474	109.956	81.2032	15.9725	0	10173.6	111.297
data/cosmicData/MDBM-30/2013-09-30/cosmic_001426	MDBM-30	0	1426	Efficiency	2013-09-30	10028	1509	700	300370	0.740553	0.722396	0.694663	0.066184	110.926	74.8293	45.1305	0	9915.02	105.152
data/cosmicData/MDBM-30/2013-10-02/cosmic_001430	MDBM-30	0	1430	Occupancy	2013-10-02	10026	1003	500	4415651	0.309585	0.29892	0.291051	0.0478095	198.189	56.4101	371.335	0	1360.95	45.8039
data/cosmicData/MDBM-31/2013-09-25/cosmic_001346	MDBM-31	0	1346	Efficiency	2013-09-25	8966	1089	500	88088	0.670613	0.664461	0.659617	0.0118911	104.863	68.8485	14.0006	0	8961.58	116.7
data/cosmicData/MDBM-31/2013-09-25/cosmic_001347	MDBM-31	0	1347	Efficiency	2013-09-25	8966	1089	800	92429	0.739313	0.678975	0.586151	0.21588	105.123	55.9674	14.6541	0	9856.58	120.474
data/cosmicData/MDBM-31/2013-09-25/cosmic_001348	MDBM-31	0	1348	Efficiency	2013-09-25	8966	1089	1000	73100	0.342599	0.306115	0.232499	0.389999	104.993	19.6053	11.604	0	10018.2	123.081
data/cosmicData/MDBM-31/2013-09-25/cosmic_001349	MDBM-31	0	1349	Occupancy	2013-09-25	8966	1089	500	2820407	0.550687	0.372242	0.137977	0.718513	267.764	28.0566	175.553	0	392.765	36.1386
data/cosmicData/MDBM-31/2013-09-25/cosmic_001350	MDBM-31	0	1350	Efficiency	2013-09-25	8967	1198	500	92416	0.734072	0.728575	0.72341	0.0143468	105.109	75.4814	14.6539	0	10167.6	115.269
data/cosmicData/MDBM-31/2013-09-25/cosmic_001351	MDBM-31	0	1351	Efficiency	2013-09-25	8968	1499	500	92408	0.674487	0.670234	0.664665	0.0143376	105.163	69.4731	14.6452	0	10940.6	118.575
data/cosmicData/MDBM-31/2013-09-27/cosmic_001384	MDBM-31	0	1384	Occupancy	2013-09-27	8966	1089	500	639497	0.33645	0.300869	0.275707	0.132128	181.391	47.3642	58.7585	0	110.92	45.3652
data/cosmicData/MDBM-32/2013-09-26/cosmic_001365	MDBM-32	0	1365	Efficiency	2013-09-26	9321	1097	500	92643	0.655052	0.647032	0.641569	0.0120114	104.539	66.8279	14.77	0	9233.58	117.86
data/cosmicData/MDBM-32/2013-09-26/cosmic_001366	MDBM-32	0	1366	Efficiency	2013-09-26	9321	1097	800	92251	0.635603	0.627039	0.620651	0.0145734	104.933	64.8385	14.6523	0	9370.58	118.44
data/cosmicData/MDBM-32/2013-09-26/cosmic_001367	MDBM-32	0	1367	Efficiency	2013-09-26	9321	1097	1000	92607	0.708953	0.666343	0.605141	0.136368	105.365	60.635	14.6486	0	9488.58	118.937
data/cosmicData/MDBM-32/2013-09-26/cosmic_001368	MDBM-32	0	1368	Occupancy	2013-09-26	9321	1097	500	6577214	0.283852	0.168685	0.0521763	0.725515	601.975	27.8724	182.102	0	441.578	37.7227
data/cosmicData/MDBM-32/2013-09-26/cosmic_001369	MDBM-32	0	1369	Efficiency	2013-09-26	9322	1194	1000	92683	0.689587	0.681776	0.675253	0.0159047	105.183	70.5708	14.686	0	8960.58	116.696
data/cosmicData/MDBM-32/2013-09-26/cosmic_001370	MDBM-32	0	1370	Efficiency	2013-09-26	9323	1507	1000	93109	0.598331	0.592102	0.587165	0.0119717	105.945	61.9791	14.6474	0	7701.09	122.731
data/cosmicData/MDBM-32/2013-09-28/cosmic_001405	MDBM-32	0	1405	Occupancy	2013-09-28	9321	1097	500	658202	0.280703	0.274264	0.271119	0.0177154	181.037	48.7722	60.5957	0	1257.75	53.3573
data/cosmicData/MDBM-33/2013-09-26/cosmic_001371	MDBM-33	0	1371	Unknown	2013-09-26	9436	1102	0	1316	0.0	0.0	0.0	nan	11.7417	0.0	1.86798	0	0.0	161.889
data/cosmicData/MDBM-33/2013-09-26/cosmic_001372	MDBM-33	0	1372	Efficiency	2013-09-26	9436	1102	500	97944	0.696439	0.692569	0.686837	0.0126045	107.204	73.3107	15.227	0	10065.6	114.826
data/cosmicData/MDBM-33/2013-09-26/cosmic_001373	MDBM-33	0	1373	Unknown	2013-09-26	9436	1102	0	45300	0.24	0.236755	0.233493	0.0204196	194.707	45.1566	3.87762	0	13474.2	136.4
data/cosmicData/MDBM-33/2013-09-26/cosmic_001374	MDBM-33	0	1374	Efficiency	2013-09-26	9438	1102	500	94462	0.641687	0.637643	0.633137	0.00971228	107.435	67.8397	14.6542	0	9367.58	118.427
data/cosmicData/MDBM-33/2013-09-26/cosmic_001375	MDBM-33	0	1375	Occupancy	2013-09-26	9438	1102	500	5236721	0.29241	0.288454	0.284598	0.0197332	181.589	51.3465	480.637	0	-24.3569	27.074
data/cosmicData/MDBM-33/2013-09-26/cosmic_001376	MDBM-33	0	1376	Efficiency	2013-09-26	9439	1102	1000	109824	0.721327	0.714753	0.705912	0.0214403	108.267	75.7248	16.9063	0	9457.62	112.147
data/cosmicData/MDBM-33/2013-09-26/cosmic_001377	MDBM-33	0	1377	Efficiency	2013-09-26	9440	1201	1000	96898	0.701779	0.696413	0.688073	0.0196055	108.011	73.7454	14.9519	0	8778.58	115.914
data/cosmicData/MDBM-33/2013-09-26/cosmic_001378	MDBM-33	0	1378	Efficiency	2013-09-26	9441	1501	1000	108296	0.626764	0.62283	0.617314	0.0128984	107.873	66.32	16.732	0	9221.58	117.809
data/cosmicData/MDBM-33/2013-09-26/cosmic_001379	MDBM-33	0	1379	Unknown	2013-09-26	9441	1501	0	277	0.638989	0.638989	0.638989	0.0	110.233	70.4376	0.041881	0	15107.1	161.127
data/cosmicData/MDBM-33/2013-09-27/cosmic_001383	MDBM-33	0	1383	Efficiency	2013-09-27	9445	1102	800	93397	0.762273	0.756919	0.751151	0.0148952	105.906	78.9686	14.698	0	9365.62	111.736
data/cosmicData/MDBM-33/2013-09-28/cosmic_001407	MDBM-33	0	1407	Unknown	2013-09-28	9438	1102	0	3281	0.282841	0.278878	0.271655	0.0557377	195.831	51.569	0.279238	0	13889.1	157.302
data/cosmicData/MDBM-33/2013-09-28/cosmic_001408	MDBM-33	0	1408	Occupancy	2013-09-28	9438	1102	500	658531	0.314792	0.310664	0.306943	0.0204124	182.974	55.683	59.9842	0	8.01609	33.9116
data/cosmicData/MDBM-33/2013-09-30/cosmic_001427	MDBM-33	0	1427	Occupancy	2013-09-30	9438	1102	500	8979331	0.30538	0.298569	0.292791	0.0291076	183.742	53.2627	814.488	0	-46.7598	26.1916
data/cosmicData/MDBM-33/2013-09-30/cosmic_001428	MDBM-33	0	1428	Unknown	2013-09-30	9438	1102	0	749	0.206943	0.200267	0.186865	0.1	242.782	43.7591	0.0514178	0	15129.1	161.196
data/cosmicData/MDBM-34/2013-09-27/cosmic_001385	MDBM-34	0	1385	Efficiency	2013-09-27	9565	1088	500	96372	0.548302	0.544826	0.539768	0.01217	107.759	57.9953	14.9055	0	7498.09	121.902
data/cosmicData/MDBM-34/2013-09-27/cosmic_001389	MDBM-34	0	1389	Efficiency	2013-09-27	9565	1088	800	93612	0.610178	0.599795	0.587116	0.0311498	105.724	61.4376	14.7573	0	9871.58	120.536
data/cosmicData/MDBM-34/2013-09-27/cosmic_001390	MDBM-34	0	1390	Efficiency	2013-09-27	9565	1088	800	94474	0.645426	0.629178	0.607525	0.0529937	106.25	63.3075	14.8195	0	9891.58	120.619
data/cosmicData/MDBM-34/2013-09-27/cosmic_001391	MDBM-34	0	1391	Occupancy	2013-09-27	9565	1088	500	7732282	0.0858377	0.0740423	0.0613908	0.23053	195.845	11.1579	658.028	1	229.158	33.9706
data/cosmicData/MDBM-34/2013-09-28/cosmic_001392	MDBM-34	0	1392	Efficiency	2013-09-28	9586	0	1000	94857	0.756771	0.746049	0.730009	0.0393822	107.825	77.2749	14.6622	0	9673.62	113.106
data/cosmicData/MDBM-34/2013-09-28/cosmic_001393	MDBM-34	0	1393	Efficiency	2013-09-28	9587	1512	1000	191150	0.69503	0.684557	0.669325	0.0355131	107.575	71.0256	29.6152	0	10318.2	113.022
data/cosmicData/MDBM-34/2013-09-29/cosmic_001417	MDBM-34	0	1417	Occupancy	2013-09-29	9565	1088	700	712522	0.274306	0.271237	0.26758	0.0218719	198.348	52.6227	59.8712	0	20.7476	40.1248
data/cosmicData/MDBM-34/2013-09-29/cosmic_001418	MDBM-35	0	1418	Unknown	2013-09-29	9705	1090	0	8276	0.224988	0.21798	0.215373	0.0232816	239.283	50.9445	0.576443	0	12661.1	153.349
data/cosmicData/MDBM-35/2013-09-27/cosmic_001387	MDBM-36	0	1387	Unknown	2013-09-27	9581	2509	0	105563	0.175724	0.173167	0.171076	0.0139497	171.606	29.3019	10.2524	0	2506.1	115.59
data/cosmicData/MDBM-35/2013-09-28/cosmic_001394	MDBM-35	0	1394	Efficiency	2013-09-28	9703	1090	500	93448	0.74634	0.725912	0.708999	0.0377239	106.319	74.2667	14.649	0	9839.62	113.838
data/cosmicData/MDBM-35/2013-09-28/cosmic_001395	MDBM-35	0	1395	Unknown	2013-09-28	9705	1090	0	0	0.0	0.0	0.0	0.0	0.0	0.0	0.0	0	0.0	0.0
data/cosmicData/MDBM-35/2013-09-28/cosmic_001396	MDBM-35	0	1396	Efficiency	2013-09-28	9705	1090	700	91874	0.749581	0.730207	0.715501	0.0344329	104.504	73.6819	14.6524	0	10120.6	115.065
data/cosmicData/MDBM-35/2013-09-28/cosmic_001397	MDBM-35	0	1397	Efficiency	2013-09-28	9705	1090	900	155341	0.234336	0.215931	0.167633	0.370092	104.511	14.2153	24.7725	0	9226.09	128.794
data/cosmicData/MDBM-35/2013-09-28/cosmic_001398	MDBM-35	0	1398	Occupancy	2013-09-28	9705	1090	500	1827407	0.439089	0.369252	0.291664	0.307201	176.249	45.0874	172.805	0	382.426	35.8748
data/cosmicData/MDBM-35/2013-09-28/cosmic_001399	MDBM-35	0	1399	Efficiency	2013-09-28	9706	1195	700	92484	0.766143	0.747751	0.74031	0.0187405	105.173	77.1694	14.6559	0	9740.62	113.402
data/cosmicData/MDBM-35/2013-09-28/cosmic_001400	MDBM-35	0	1400	Unknown	2013-09-28	9709	1508	0	41325	7.25953e-05	2.41984e-05	2.41984e-05	0.0	10422.6	0.25221	0.0660825	0	18845.1	161.886
data/cosmicData/MDBM-35/2013-09-28/cosmic_001401	MDBM-35	0	1401	Efficiency	2013-09-28	9709	1508	700	91433	0.704756	0.691731	0.68354	0.0186412	103.953	70.5669	14.6594	0	9144.58	117.482
data/cosmicData/MDBM-35/2013-09-29/cosmic_001419	MDBM-35	0	1419	Occupancy	2013-09-29	9914	1090	500	6938150	0.326325	0.31177	0.304217	0.039134	177.613	53.2073	651.055	0	624.91	36.8782
data/cosmicData/MDBM-36/2013-09-27/cosmic_001386	MDBM-36	0	1386	Unknown	2013-09-27	9581	2509	0	83233	0.190321	0.187966	0.185914	0.0126558	199.784	37.0774	6.94357	0	3351.1	119.189
data/cosmicData/MDBM-36/2013-09-29/cosmic_001409	MDBM-36	0	1409	Efficiency	2013-09-29	9831	1088	500	120697	0.665982	0.661972	0.655927	0.0135548	123.475	80.6287	16.2917	0	10022.6	114.639
data/cosmicData/MDBM-36/2013-09-29/cosmic_001410	MDBM-36	0	1410	Efficiency	2013-09-29	9831	1088	800	108711	0.513232	0.475389	0.359768	0.392705	123.613	35.6871	14.6575	0	9979.58	120.983
data/cosmicData/MDBM-36/2013-09-29/cosmic_001411	MDBM-36	0	1411	Efficiency	2013-09-29	9831	1088	700	120789	0.810223	0.783159	0.731098	0.11937	123.565	85.2192	16.2923	0	10407.4	109.832
data/cosmicData/MDBM-36/2013-09-29/cosmic_001412	MDBM-36	0	1412	Occupancy	2013-09-29	9831	1088	500	681331	0.323884	0.319238	0.314893	0.0217924	199.347	62.2523	56.9637	0	578.016	41.4729
data/cosmicData/MDBM-36/2013-09-29/cosmic_001413	MDBM-36	0	1413	Unknown	2013-09-29	9905	1196	0	5	0.2	0.0	0.0	inf	1.25903	1.0815e+09	0.0661887	0	15352.1	161.886
data/cosmicData/MDBM-36/2013-09-29/cosmic_001414	MDBM-36	0	1414	Efficiency	2013-09-29	9905	1196	800	113295	0.842491	0.813999	0.759715	0.129568	122.292	86.6475	15.4405	0	9991.39	107.921
data/cosmicData/MDBM-36/2013-09-29/cosmic_001415	MDBM-36	0	1415	Unknown	2013-09-29	9905	1196	0	16522	0.826111	0.801053	0.754499	0.109936	122.64	87.4409	2.24533	0	11231.2	127.914
data/cosmicData/MDBM-36/2013-09-29/cosmic_001416	MDBM-36	0	1416	Efficiency	2013-09-29	9906	1503	800	108368	0.738964	0.733215	0.723822	0.0212945	123.131	88.3592	14.6684	0	9645.62	112.982
data/cosmicData/MDBM-36/2013-10-01/cosmic_001429	MDBM-36	0	1429	Occupancy	2013-10-01	9831	1088	500	2823393	0.361152	0.342408	0.329116	0.0670813	200.741	64.1246	234.413	0	812.496	39.5474
data/cosmicData/MDBM-37/2013-10-03/cosmic_001435	MDBM-37	0	1435	Unknown	2013-10-03	10272	2481	0	64660	0.165017	0.162573	0.160177	0.0174087	188.067	30.0425	5.73022	0	6658.1	132.337
data/cosmicData/MDBM-37/2013-10-03/cosmic_001439	MDBM-37	0	1439	Unknown	2013-10-03	10419	1090	0	159488	0.00111607	0.000620736	-0.00340115	1.81818	10207.5	2.74886e+08	0.260408	1	15082.1	161.05
data/cosmicData/MDBM-37/2013-10-03/cosmic_001440	MDBM-37	0	1440	Efficiency	2013-10-03	10419	1090	500	92242	0.660187	0.652848	0.643939	0.0197775	104.956	67.1654	14.6477	0	9355.58	118.377
data/cosmicData/MDBM-37/2013-10-03/cosmic_001441	MDBM-37	0	1441	Occupancy	2013-10-03	10419	1090	500	8650352	0.288445	0.272635	0.260239	0.0669775	179.807	45.7382	801.82	0	1670.84	49.224
data/cosmicData/MDBM-37/2013-10-04/cosmic_001442	MDBM-37	0	1442	Unknown	2013-10-04	10420	1090	0	97957	0.761742	0.720867	0.650747	0.158892	105.225	63.8006	15.5155	0	10476.6	116.602
data/cosmicData/MDBM-37/2013-10-04/cosmic_001443	MDBM-37	0	1443	Unknown	2013-10-04	10420	1090	0	92710	0.885773	0.795437	0.530132	0.502204	105.335	41.7091	14.6691	0	9077.58	117.196
data/cosmicData/MDBM-37/2013-10-04/cosmic_001444	MDBM-37	0	1444	Unknown	2013-10-04	10423	1195	0	103644	0.728696	0.686108	0.619797	0.149935	105.525	61.5459	16.3696	0	10652.6	117.354
data/cosmicData/MDBM-37/2013-10-04/cosmic_001445	MDBM-37	0	1445	Unknown	2013-10-04	10424	1503	0	92803	0.672942	0.629387	0.56281	0.152699	105.544	56.2843	14.6548	0	10598.6	123.515
data/cosmicData/MDBM-37/2013-10-06/cosmic_001450	MDBM-37	0	1450	Occupancy	2013-10-06	10419	1090	500	7751350	0.348634	0.33251	0.319738	0.0576674	145.044	45.4472	890.692	0	2865.74	60.0999
data/cosmicData/MDBM-37/2013-10-06/cosmic_001451	MDBM-37	0	1451	Unknown	2013-10-06	10419	1090	0	1573186	0.784625	0.60061	0.109001	0.889041	145.656	9.70699	180.012	0	2804.98	60.349
data/cosmicData/MDBM-38/2013-10-03/cosmic_001436	MDBM-38	0	1436	Unknown	2013-10-03	10290	2478	0	13	0.0769231	0.0769231	0.0769231	0.0	1.3609	0.104685	0.159208	0	15352.1	161.886
data/cosmicData/MDBM-38/2013-10-03/cosmic_001437	MDBM-38	0	1437	Unknown	2013-10-03	10290	2478	0	72054	0.319968	0.198573	0.083215	0.617277	195.629	14.8675	6.13868	0	9992.1	144.385
data/cosmicData/MSBM-01/2013-08-29/cosmic_001136	MSBM-01	963	1136	Unknown	2013-08-29	6001	2999	0	0	0.0	0.0	0.0	0.0	0.0	0.0	0.0	0	0.0	0.0
data/cosmicData/MSBM-01/2013-08-29/cosmic_001137	MSBM-01	963	1137	Efficiency	2013-08-29	6001	2999	60	9853292	0.95242	0.949868	0.942379	0.0183318	394.272	367.641	416.518	0	7893.6	92.8386
data/cosmicData/MSBM-01/2013-08-30/cosmic_001139	MSBM-01	963	1139	Unknown	2013-08-30	6001	2999	0	68830	0.214064	0.213308	0.211941	0.0143032	1090.55	229.296	1.05191	0	-479.902	101.858
data/cosmicData/MSBM-01/2013-08-30/cosmic_001140	MSBM-01	963	1140	Occupancy	2013-08-30	6001	2999	60	1357517	0.634969	0.63246	0.627821	0.0160976	384.269	239.122	58.8788	0	269.729	32.078
data/cosmicData/MSBM-02/2013-08-30/cosmic_001143	MSBM-02	961	1143	Efficiency	2013-08-30	6041	3003	60	1434052	0.955164	0.952349	0.944941	0.0186649	407.86	381.175	58.6007	0	8284.08	95.0158
data/cosmicData/MSBM-02/2013-08-30/cosmic_001144	MSBM-02	961	1144	Occupancy	2013-08-30	6041	3003	60	1132257	0.787441	0.784132	0.778819	0.0155501	320.493	247.401	58.881	0	307.181	32.9393
data/cosmicData/MSBM-12/2013-08-29/cosmic_001132	MSBM-12	968	1132	Efficiency	2013-08-29	5901	3005	60	1442398	0.953383	0.950828	0.94325	0.0191378	401.63	374.573	59.856	0	8339.06	95.4516
data/cosmicData/MSBM-12/2013-08-29/cosmic_001133	MSBM-12	968	1133	Occupancy	2013-08-29	5901	3005	60	1365624	0.66289	0.660414	0.655727	0.016286	380.888	247.447	59.7562	0	15.9762	27.9643
data/cosmicData/MSBM-12/2013-08-29/cosmic_001134	MSBM-12	968	1134	Unknown	2013-08-29	5901	3005	0	516070	0.33634	0.334046	0.331313	0.0191425	385.329	126.254	22.3217	0	15163.8	126.996
data/cosmicData/MSBM-12/2013-08-29/cosmic_001135	MSBM-12	968	1135	Unknown	2013-08-29	5901	3005	0	476242	0.292618	0.291476	0.289377	0.0164682	839.238	240.589	9.45783	0	-235.252	36.7967
data/cosmicData/MSBM-13/2013-08-30/cosmic_001141	MSBM-13	969	1141	Efficiency	2013-08-30	6008	3011	60	1527993	0.952353	0.949494	0.942019	0.0182607	398.445	371.412	63.915	0	8550.72	96.4987
data/cosmicData/MSBM-13/2013-08-30/cosmic_001142	MSBM-13	969	1142	Occupancy	2013-08-30	6008	3011	60	1367692	0.644586	0.641778	0.636996	0.0166276	387.47	244.535	58.83	0	-53.1764	27.1477
data/cosmicData/MSBM-13/2013-09-03/cosmic_001146	MSBM-13	969	1146	Efficiency	2013-09-03	6008	3011	80	789586	0.952367	0.949601	0.941511	0.0197215	402.227	374.423	32.7172	0	8797.69	97.8315
data/cosmicData/MSBM-19/2013-08-21/cosmic_001085	MSBM-19	983	1085	Unknown	2013-08-21	5337	1102	0	42026	0.000333127	0.000142769	0.0	1.0	10499.3	0.0	0.0667122	0	15339.1	161.846
data/cosmicData/MSBM-19/2013-08-21/cosmic_001086	MSBM-19	983	1086	Efficiency	2013-08-21	5337	1102	60	1609075	0.956645	0.954223	0.948177	0.0228407	443.826	413.836	60.4243	0	8268.57	95.0421
data/cosmicData/MSBM-19/2013-08-21/cosmic_001087	MSBM-19	983	1087	Efficiency	2013-08-21	5340	1510	60	1640630	0.956384	0.953849	0.946864	0.0239802	439.775	409.42	62.177	0	8127.75	94.186
data/cosmicData/MSBM-19/2013-08-23/cosmic_001110	MSBM-19	983	1110	Efficiency	2013-08-23	5432	2997	60	1539616	0.95599	0.953296	0.945531	0.0191809	437.265	408.848	58.6835	0	8209.96	94.6626
data/cosmicData/MSBM-19/2013-08-23/cosmic_001111	MSBM-19	983	1111	Occupancy	2013-08-23	5432	2997	60	1602794	0.608976	0.606381	0.601683	0.0175326	446.44	265.967	59.8362	0	46.9571	28.2489
data/cosmicData/MSBM-20/2013-08-22/cosmic_001100	MSBM-20	987	1100	Efficiency	2013-08-22	5371	2998	60	1739765	0.95465	0.952142	0.944379	0.0199668	439.416	410.032	65.9878	0	8341.95	95.2838
data/cosmicData/MSBM-20/2013-08-22/cosmic_001101	MSBM-20	987	1101	Efficiency	2013-08-22	5374	2497	60	1919290	0.954724	0.952152	0.94495	0.02065	437.751	408.198	73.0738	0	8281.06	95.0526
data/cosmicData/MSBM-20/2013-08-22/cosmic_001102	MSBM-20	987	1102	Efficiency	2013-08-22	5381	3490	60	4106794	0.953676	0.95099	0.943147	0.0180775	437.7	408.724	156.378	0	8169.96	94.3557
data/cosmicData/MSBM-20/2013-08-22/cosmic_001103	MSBM-20	987	1103	Unknown	2013-08-22	5381	3490	0	30854	0.691256	0.688792	0.684018	0.0143986	428.843	291.131	1.19912	0	2423.16	86.9138
data/cosmicData/MSBM-20/2013-08-22/cosmic_001104	MSBM-20	987	1104	Occupancy	2013-08-22	5381	3490	60	773221	0.647285	0.644636	0.639496	0.0166538	426.2	270.169	30.237	0	-2.25049	29.4618
data/cosmicData/MSBM-20/2013-08-27/cosmic_001132	MSBM-20	987	1132	Occupancy	2013-08-27	5787	2998	60	9965695	0.595631	0.593106	0.588524	0.017977	436.222	254.074	380.758	0	35.0008	27.5136
data/cosmicData/MSBM-21/2013-08-23/cosmic_001112	MSBM-21	988	1112	Efficiency	2013-08-23	5481	3004	60	1541211	0.953797	0.950907	0.942583	0.0203821	437.484	407.527	58.715	0	8578.93	96.6747
data/cosmicData/MSBM-21/2013-08-23/cosmic_001113	MSBM-21	988	1113	Occupancy	2013-08-23	5481	3004	60	1566237	0.632438	0.629609	0.624543	0.0178944	436.936	270.176	59.7432	0	31.9571	27.9821
data/cosmicData/MSBM-21/2013-09-02/cosmic_001145	MSBM-21	988	1145	Efficiency	2013-09-02	6052	0	60	1617322	0.95559	0.952601	0.944687	0.0193709	443.671	414.454	60.7553	0	8294.02	95.0894
data/cosmicData/MSBM-21/2013-09-03/cosmic_001145	MSBM-21	988	1145	Efficiency	2013-09-03	6052	0	80	1934038	0.95652	0.953528	0.945334	0.0197212	441.593	412.768	72.9947	0	8285.47	95.0894
data/cosmicData/MSBM-21/2013-09-03/cosmic_001150	MSBM-21	988	1150	Efficiency	2013-09-03	6052	0	120	408376	0.95307	0.950053	0.94206	0.0192072	434.823	405.171	15.653	0	9040.16	99.8248
data/cosmicData/MSBM-22/2013-08-23/cosmic_001114	MSBM-22	989	1114	Efficiency	2013-08-23	5526	3009	60	1539064	0.953927	0.951392	0.943526	0.0193491	437.171	407.873	58.6752	0	8602.82	96.6644
data/cosmicData/MSBM-22/2013-08-23/cosmic_001115	MSBM-22	989	1115	Occupancy	2013-08-23	5526	3009	60	1720877	0.573642	0.571144	0.566637	0.0175842	479.474	269.033	59.8183	0	-55.284	26.5707
data/cosmicData/MSBM-23/2013-09-06/cosmic_001160	MSBM-23	970	1160	Efficiency	2013-09-06	6448	3011	60	1595899	0.955287	0.952538	0.944393	0.0203664	431.212	402.38	61.6827	0	8477.02	96.0469
data/cosmicData/MSBM-23/2013-09-06/cosmic_001161	MSBM-23	970	1161	Unknown	2013-09-06	6448	3011	0	15358	0.288189	0.287212	0.285751	0.011562	303.041	86.0308	0.844658	0	18011.2	152.125
data/cosmicData/MSBM-23/2013-09-06/cosmic_001162	MSBM-23	970	1162	Unknown	2013-09-06	6448	3011	0	290769	0.0261479	0.0257765	0.0253225	0.0392262	1576.79	39.0498	3.07343	0	5769.1	128.934
data/cosmicData/MSBM-23/2013-09-06/cosmic_001163	MSBM-23	970	1163	Unknown	2013-09-06	6448	3011	0	313852	0.0908581	0.0905013	0.0899394	0.0142586	2447.36	218.331	2.13735	0	-570.838	67.5278
data/cosmicData/MSBM-23/2013-09-06/cosmic_001164	MSBM-23	970	1164	Occupancy	2013-09-06	6448	3011	60	9961696	0.615482	0.612825	0.608081	0.0176822	426.424	256.702	389.35	0	-10.7368	26.7395
data/cosmicData/MSBM-25/2013-09-09/cosmic_001172	MSBM-25	972	1172	Efficiency	2013-09-09	6600	3009	60	1685692	0.95457	0.951874	0.944055	0.0194856	400.709	373.992	70.1128	0	8401.01	95.7288
data/cosmicData/MSBM-25/2013-09-09/cosmic_001173	MSBM-25	972	1173	Occupancy	2013-09-09	6600	3009	60	9963035	0.611874	0.609216	0.604468	0.0178187	398.524	238.461	416.663	0	-102.737	24.96
data/cosmicData/MSBM-26/2013-09-09/cosmic_001170	MSBM-26	975	1170	Efficiency	2013-09-09	6548	3002	60	1565925	0.954088	0.95159	0.944367	0.0186186	398.512	372.16	65.4905	0	8393.64	95.6609
data/cosmicData/MSBM-26/2013-09-09/cosmic_001171	MSBM-26	975	1171	Occupancy	2013-09-09	6548	3002	60	1379845	0.639602	0.637067	0.632329	0.0173505	390.646	244.549	58.8703	0	-41.8192	27.1293
data/cosmicData/MSBM-27/2013-09-19/cosmic_001254	MSBM-27	978	1254	Efficiency	2013-09-19	7433	3001	60	379639	0.95423	0.95158	0.944438	0.0178626	410.778	383.906	15.4033	0	9129.58	100.553
data/cosmicData/MSBM-27/2013-09-19/cosmic_001255	MSBM-27	978	1255	Occupancy	2013-09-19	7433	3001	60	1029016	0.471459	0.469283	0.46571	0.0171464	582.268	268.564	29.4542	0	-182.25	26.2298
data/cosmicData/MSBM-28/2013-09-18/cosmic_001240	MSBM-28	982	1240	Efficiency	2013-09-18	7197	3008	60	845186	0.955133	0.952444	0.945294	0.0185406	405.602	379.151	34.7297	0	8736.25	97.7599
data/cosmicData/MSBM-28/2013-09-18/cosmic_001241	MSBM-28	982	1241	Occupancy	2013-09-18	7197	3008	60	2805137	0.174658	0.173872	0.172488	0.0188278	1424.73	243.057	32.8148	0	-161.437	26.0384
data/cosmicData/MSBM-29/2013-09-18/cosmic_001242	MSBM-29	990	1242	Efficiency	2013-09-18	7235	2997	60	702703	0.95536	0.952735	0.9454	0.018193	398.297	372.568	29.4045	0	8950.72	98.9545
data/cosmicData/MSBM-29/2013-09-18/cosmic_001243	MSBM-29	990	1243	Occupancy	2013-09-18	7235	2997	60	1116223	0.428032	0.425978	0.422545	0.0182024	617.135	258.101	30.1453	0	-150.574	27.4591
data/cosmicData/MSBM-30/2013-09-18/cosmic_001244	MSBM-30	1020	1244	Unknown	2013-09-18	7273	0	0	58385	0.0236533	0.0176929	0.0168749	0.0493708	399.081	6.71231	2.4383	0	13937.1	157.455
data/cosmicData/MSBM-30/2013-09-18/cosmic_001245	MSBM-30	1020	1245	Efficiency	2013-09-18	7273	0	60	355954	0.951395	0.948845	0.940894	0.0200299	398.353	370.405	14.8927	0	8997.78	99.3881
data/cosmicData/MSBM-30/2013-09-18/cosmic_001246	MSBM-30	1020	1246	Occupancy	2013-09-18	7273	0	60	756015	0.629084	0.626351	0.621259	0.0185373	426.738	262.333	29.5268	0	-74.2505	28.2135
data/cosmicData/MSBM-33/2013-09-19/cosmic_001249	MDBM-33	966	1249	Unknown	2013-09-19	7392	3003	0	366018	0.956475	0.953863	0.94602	0.019033	414.029	387.411	14.734	0	8591.78	97.3242
data/cosmicData/MSBM-33/2013-09-19/cosmic_001252	MDBM-33	966	1252	Unknown	2013-09-19	7392	3003	0	25380	0.0	0.0	0.0	nan	10453.5	0.0	0.040465	0	0.0	161.889
data/cosmicData/MSBM-33/2013-09-19/cosmic_001253	MDBM-33	966	1253	Unknown	2013-09-19	7392	3003	0	5187649	0.0931833	0.0925737	0.0918364	0.0177286	2392.31	217.539	36.1412	0	-63.2505	28.4077
data/cosmicData/MSBM-33/2013-11-15/cosmic_001432	MDBM-33	966	1432	Unknown	2013-11-15	0	0	0	28044	0.0	0.0	0.0	nan	10441.0	0.0	0.0447657	0	0.0	161.889
data/cosmicData/MSBM-33/2013-11-18/cosmic_001433	MDBM-33	966	1433	Unknown	2013-11-18	11000	0	0	359300	0.955497	0.931631	0.925316	0.0241355	408.854	371.708	14.6466	0	8848.93	98.6154
data/cosmicData/MSBM-33/2013-11-18/cosmic_001434	MDBM-33	966	1434	Unknown	2013-11-18	11002	0	0	357473	0.955378	0.935131	0.928861	0.0231181	406.662	371.49	14.6507	0	8834.93	98.5444
data/cosmicData/MSBM-33/2013-11-18/cosmic_001435	MDBM-33	966	1435	Unknown	2013-11-18	11004	0	0	10158134	0.047151	0.046431	0.0461046	0.0229555	4717.62	214.015	35.8872	0	8856.75	98.6256
data/cosmicData/MSBM-34/2013-09-18/cosmic_001247	MSBM-34	967	1247	Efficiency	2013-09-18	7320	3007	60	380120	0.956085	0.953391	0.945867	0.0186671	413.109	386.502	15.3358	0	9006.4	100.27
data/cosmicData/MSBM-34/2013-09-18/cosmic_001248	MSBM-34	967	1248	Occupancy	2013-09-18	7320	3007	60	8216013	0.632386	0.629415	0.624275	0.0186302	435.092	268.751	314.723	0	-56.9563	25.8844
